{
  "type": "FeatureCollection",
  "generator": "overpass-turbo",
  "copyright": "The data included in this document is from www.openstreetmap.org. The data is made available under ODbL.",
  "timestamp": "2026-01-02T09:59:00Z",
  "features": [
    {
      "type": "Feature",
      "properties": {
        "@id": "relation/18494688",
        "admin_level": "6",
        "border_type": "district",
        "boundary": "administrative",
        "name": "Rumbai Barat",
        "name:en": "West Rumbai District",
        "name:id": "Rumbai Barat",
        "name:ms": "Kecamatan Rumbai Barat",
        "name:ms-Arab": "کچامتن رومبي بارت",
        "name:nl": "District West Rumbai",
        "official_name": "Kecamatan Rumbai Barat",
        "old_name": "Rumbai",
        "ref": "14.71.06",
        "short_name": "Rumbai Barat",
        "source": "Peraturan Daerah Kota Pekanbaru 2/2020 Tentang Penataan Kecamatan",
        "type": "boundary",
        "wikidata": "Q6542832"
      },
      "geometry": {
        "type": "Polygon",
        "coordinates": [
          [
            [
              101.3704202,
              0.5833108
            ],
            [
              101.3705127,
              0.5830198
            ],
            [
              101.3707868,
              0.5822485
            ],
            [
              101.3709174,
              0.5818468
            ],
            [
              101.3711309,
              0.5812431
            ],
            [
              101.3718377,
              0.5790191
            ],
            [
              101.3718442,
              0.579012
            ],
            [
              101.3718531,
              0.5790072
            ],
            [
              101.3718631,
              0.579005
            ],
            [
              101.3724214,
              0.5792387
            ],
            [
              101.3728572,
              0.579411
            ],
            [
              101.3734929,
              0.5796758
            ],
            [
              101.3738765,
              0.579815
            ],
            [
              101.3739509,
              0.5798267
            ],
            [
              101.374087,
              0.5798321
            ],
            [
              101.3747066,
              0.5798207
            ],
            [
              101.3752457,
              0.5797804
            ],
            [
              101.3759418,
              0.5797442
            ],
            [
              101.3763106,
              0.5797241
            ],
            [
              101.3769557,
              0.5796879
            ],
            [
              101.3773603,
              0.5796802
            ],
            [
              101.37742,
              0.5796742
            ],
            [
              101.3775444,
              0.579651
            ],
            [
              101.3777791,
              0.5798696
            ],
            [
              101.3780574,
              0.5801351
            ],
            [
              101.3781992,
              0.5802146
            ],
            [
              101.3782495,
              0.5802324
            ],
            [
              101.3783179,
              0.5802414
            ],
            [
              101.3784128,
              0.5802397
            ],
            [
              101.3784993,
              0.5802243
            ],
            [
              101.3786555,
              0.5801673
            ],
            [
              101.3788161,
              0.580111
            ],
            [
              101.3788674,
              0.5800876
            ],
            [
              101.3790773,
              0.5799977
            ],
            [
              101.3797626,
              0.579712
            ],
            [
              101.3799758,
              0.5796369
            ],
            [
              101.3800563,
              0.5796383
            ],
            [
              101.3801019,
              0.5796705
            ],
            [
              101.3801327,
              0.5797268
            ],
            [
              101.3801958,
              0.5800084
            ],
            [
              101.380309,
              0.5803323
            ],
            [
              101.3803741,
              0.5805203
            ],
            [
              101.3803932,
              0.5806806
            ],
            [
              101.380407,
              0.580874
            ],
            [
              101.3804311,
              0.5811007
            ],
            [
              101.3805062,
              0.58167
            ],
            [
              101.3806269,
              0.5824592
            ],
            [
              101.3806753,
              0.5826704
            ],
            [
              101.3807429,
              0.583011
            ],
            [
              101.3808717,
              0.5835567
            ],
            [
              101.3809803,
              0.5839846
            ],
            [
              101.3810964,
              0.5845376
            ],
            [
              101.3811386,
              0.5847382
            ],
            [
              101.3812137,
              0.5849877
            ],
            [
              101.3812834,
              0.5852344
            ],
            [
              101.3813129,
              0.5853658
            ],
            [
              101.3813505,
              0.5855348
            ],
            [
              101.3814551,
              0.5858406
            ],
            [
              101.3815221,
              0.5860095
            ],
            [
              101.3817434,
              0.5866559
            ],
            [
              101.3818641,
              0.5870059
            ],
            [
              101.3819378,
              0.5872178
            ],
            [
              101.3821042,
              0.5874686
            ],
            [
              101.3824488,
              0.5872366
            ],
            [
              101.3829665,
              0.5869094
            ],
            [
              101.3832588,
              0.5867645
            ],
            [
              101.3836505,
              0.5871776
            ],
            [
              101.3837128,
              0.5872548
            ],
            [
              101.3839415,
              0.5875383
            ],
            [
              101.3840273,
              0.5876402
            ],
            [
              101.3841264,
              0.5877123
            ],
            [
              101.3841453,
              0.5877261
            ],
            [
              101.3843599,
              0.5878307
            ],
            [
              101.3846415,
              0.5879701
            ],
            [
              101.3850452,
              0.5881847
            ],
            [
              101.3852264,
              0.5883087
            ],
            [
              101.3852665,
              0.5882732
            ],
            [
              101.3853469,
              0.5882169
            ],
            [
              101.3854013,
              0.5881686
            ],
            [
              101.385709,
              0.587895
            ],
            [
              101.386055,
              0.5875812
            ],
            [
              101.3864118,
              0.5872862
            ],
            [
              101.3868315,
              0.5869644
            ],
            [
              101.3871,
              0.5872646
            ],
            [
              101.3872728,
              0.5874578
            ],
            [
              101.3875343,
              0.5877636
            ],
            [
              101.3877958,
              0.5880653
            ],
            [
              101.3880788,
              0.5883845
            ],
            [
              101.3881767,
              0.5884931
            ],
            [
              101.3882692,
              0.5885428
            ],
            [
              101.3883671,
              0.5885763
            ],
            [
              101.3884248,
              0.5885857
            ],
            [
              101.3885066,
              0.5885763
            ],
            [
              101.3887748,
              0.5885361
            ],
            [
              101.3891114,
              0.5884503
            ],
            [
              101.3893827,
              0.5883652
            ],
            [
              101.389715,
              0.5882759
            ],
            [
              101.3899147,
              0.5881994
            ],
            [
              101.3901575,
              0.588123
            ],
            [
              101.3902245,
              0.5881032
            ],
            [
              101.390476,
              0.5880288
            ],
            [
              101.3906336,
              0.5879822
            ],
            [
              101.3910885,
              0.5878443
            ],
            [
              101.3912545,
              0.5877945
            ],
            [
              101.3915191,
              0.5877018
            ],
            [
              101.3919935,
              0.5875356
            ],
            [
              101.392255,
              0.5874699
            ],
            [
              101.3923657,
              0.5874364
            ],
            [
              101.3927338,
              0.5873533
            ],
            [
              101.3930462,
              0.5872875
            ],
            [
              101.3931291,
              0.5872686
            ],
            [
              101.3932635,
              0.5872379
            ],
            [
              101.3934875,
              0.5871856
            ],
            [
              101.3937583,
              0.5871105
            ],
            [
              101.3941432,
              0.5869791
            ],
            [
              101.3942935,
              0.5869174
            ],
            [
              101.3943511,
              0.5868718
            ],
            [
              101.3944088,
              0.5867887
            ],
            [
              101.3944397,
              0.5866747
            ],
            [
              101.3944772,
              0.5865352
            ],
            [
              101.3945389,
              0.586385
            ],
            [
              101.3946421,
              0.5861812
            ],
            [
              101.3947374,
              0.5860457
            ],
            [
              101.3947691,
              0.5860057
            ],
            [
              101.3948446,
              0.5859103
            ],
            [
              101.3949229,
              0.5858077
            ],
            [
              101.3950565,
              0.5856327
            ],
            [
              101.3952886,
              0.5853377
            ],
            [
              101.3953523,
              0.5852589
            ],
            [
              101.3955715,
              0.5849877
            ],
            [
              101.3956331,
              0.5848977
            ],
            [
              101.39567,
              0.5848505
            ],
            [
              101.395721,
              0.5847856
            ],
            [
              101.3957378,
              0.5847664
            ],
            [
              101.3958237,
              0.5846135
            ],
            [
              101.3958558,
              0.5845102
            ],
            [
              101.3958739,
              0.5844117
            ],
            [
              101.3958719,
              0.5843245
            ],
            [
              101.3958505,
              0.5841951
            ],
            [
              101.3958169,
              0.5840543
            ],
            [
              101.3957861,
              0.583935
            ],
            [
              101.3957687,
              0.5838666
            ],
            [
              101.3957554,
              0.5838133
            ],
            [
              101.3959162,
              0.5837217
            ],
            [
              101.3961697,
              0.5836332
            ],
            [
              101.3968979,
              0.5834294
            ],
            [
              101.3970642,
              0.5833771
            ],
            [
              101.3973171,
              0.5833255
            ],
            [
              101.3973053,
              0.5835708
            ],
            [
              101.3973069,
              0.5840329
            ],
            [
              101.3972977,
              0.5845709
            ],
            [
              101.3972964,
              0.5851626
            ],
            [
              101.3972962,
              0.5852626
            ],
            [
              101.3972983,
              0.5854349
            ],
            [
              101.397358,
              0.5861743
            ],
            [
              101.3973954,
              0.5864186
            ],
            [
              101.3974088,
              0.586613
            ],
            [
              101.3974713,
              0.5870382
            ],
            [
              101.3975483,
              0.5875732
            ],
            [
              101.397611,
              0.5878488
            ],
            [
              101.3978041,
              0.5882847
            ],
            [
              101.3979852,
              0.5886189
            ],
            [
              101.3982725,
              0.5891489
            ],
            [
              101.3983262,
              0.5892387
            ],
            [
              101.3987189,
              0.5899275
            ],
            [
              101.3990728,
              0.5903894
            ],
            [
              101.3992409,
              0.5905424
            ],
            [
              101.3995828,
              0.5908131
            ],
            [
              101.3999274,
              0.5910263
            ],
            [
              101.4001904,
              0.5911965
            ],
            [
              101.4008637,
              0.5916251
            ],
            [
              101.4012323,
              0.5917948
            ],
            [
              101.4014912,
              0.5919128
            ],
            [
              101.4016871,
              0.5920156
            ],
            [
              101.4018817,
              0.5921215
            ],
            [
              101.4024391,
              0.592354
            ],
            [
              101.4026257,
              0.5924385
            ],
            [
              101.4030086,
              0.5926369
            ],
            [
              101.4031675,
              0.5927013
            ],
            [
              101.403991,
              0.5931036
            ],
            [
              101.4042887,
              0.5932297
            ],
            [
              101.4046696,
              0.5934187
            ],
            [
              101.4048793,
              0.5935186
            ],
            [
              101.4057659,
              0.59399
            ],
            [
              101.4068897,
              0.5945324
            ],
            [
              101.4069573,
              0.5945705
            ],
            [
              101.4088565,
              0.5954958
            ],
            [
              101.4106878,
              0.5963831
            ],
            [
              101.411469,
              0.5967633
            ],
            [
              101.4125325,
              0.5972809
            ],
            [
              101.4129383,
              0.5974747
            ],
            [
              101.4134806,
              0.5977355
            ],
            [
              101.4139916,
              0.5979863
            ],
            [
              101.4145106,
              0.5982263
            ],
            [
              101.4148553,
              0.5983953
            ],
            [
              101.415216,
              0.5985764
            ],
            [
              101.415499,
              0.5987198
            ],
            [
              101.4157481,
              0.5988474
            ],
            [
              101.4159047,
              0.5989172
            ],
            [
              101.4159664,
              0.5989448
            ],
            [
              101.417587,
              0.5997254
            ],
            [
              101.4179891,
              0.5999279
            ],
            [
              101.4186115,
              0.6002412
            ],
            [
              101.4192635,
              0.6005664
            ],
            [
              101.4198415,
              0.60084
            ],
            [
              101.4206126,
              0.6012209
            ],
            [
              101.4211544,
              0.6014877
            ],
            [
              101.4217713,
              0.6017948
            ],
            [
              101.4223939,
              0.602097
            ],
            [
              101.4227237,
              0.6022394
            ],
            [
              101.4234077,
              0.6025552
            ],
            [
              101.423563,
              0.6026359
            ],
            [
              101.4242388,
              0.6030459
            ],
            [
              101.424368,
              0.6031358
            ],
            [
              101.4244772,
              0.6032207
            ],
            [
              101.424984,
              0.6033806
            ],
            [
              101.4252495,
              0.6034689
            ],
            [
              101.4252582,
              0.6034718
            ],
            [
              101.4253722,
              0.6035074
            ],
            [
              101.4254829,
              0.6035389
            ],
            [
              101.4255734,
              0.6035543
            ],
            [
              101.4256988,
              0.6035697
            ],
            [
              101.4258001,
              0.6035677
            ],
            [
              101.4259463,
              0.603573
            ],
            [
              101.4261755,
              0.603573
            ],
            [
              101.4264277,
              0.6035757
            ],
            [
              101.4267549,
              0.6035786
            ],
            [
              101.4268635,
              0.6035824
            ],
            [
              101.4269964,
              0.6035918
            ],
            [
              101.4271345,
              0.6036106
            ],
            [
              101.4272726,
              0.6036294
            ],
            [
              101.4274081,
              0.6036683
            ],
            [
              101.4275663,
              0.6037367
            ],
            [
              101.4277165,
              0.6038077
            ],
            [
              101.427856,
              0.6038708
            ],
            [
              101.4280048,
              0.6039391
            ],
            [
              101.4281926,
              0.6040397
            ],
            [
              101.4285942,
              0.6042563
            ],
            [
              101.4286774,
              0.6043039
            ],
            [
              101.4288256,
              0.6043898
            ],
            [
              101.4289946,
              0.6044689
            ],
            [
              101.4292172,
              0.604552
            ],
            [
              101.4293982,
              0.604611
            ],
            [
              101.4296115,
              0.6046874
            ],
            [
              101.4297912,
              0.6047263
            ],
            [
              101.4299735,
              0.6047666
            ],
            [
              101.4301868,
              0.6048108
            ],
            [
              101.4304577,
              0.6048524
            ],
            [
              101.4306669,
              0.6048819
            ],
            [
              101.430805,
              0.60491
            ],
            [
              101.4309244,
              0.6049369
            ],
            [
              101.431076,
              0.6049812
            ],
            [
              101.4311859,
              0.6050308
            ],
            [
              101.4313066,
              0.6050951
            ],
            [
              101.4314139,
              0.6051782
            ],
            [
              101.4315078,
              0.6052601
            ],
            [
              101.4316526,
              0.6054197
            ],
            [
              101.4317143,
              0.6055256
            ],
            [
              101.4317572,
              0.6056154
            ],
            [
              101.4318029,
              0.6057442
            ],
            [
              101.4318269,
              0.6059131
            ],
            [
              101.4318283,
              0.6060258
            ],
            [
              101.4319061,
              0.606121
            ],
            [
              101.4320526,
              0.6062691
            ],
            [
              101.4322615,
              0.6063771
            ],
            [
              101.4324144,
              0.6064495
            ],
            [
              101.4324412,
              0.606589
            ],
            [
              101.4324599,
              0.6066829
            ],
            [
              101.4324827,
              0.6067406
            ],
            [
              101.4325163,
              0.6067929
            ],
            [
              101.4325726,
              0.6068626
            ],
            [
              101.4326316,
              0.6069216
            ],
            [
              101.4328314,
              0.6070651
            ],
            [
              101.4330862,
              0.6072984
            ],
            [
              101.4331493,
              0.6073588
            ],
            [
              101.4332378,
              0.6074137
            ],
            [
              101.4333424,
              0.6074674
            ],
            [
              101.4334658,
              0.607517
            ],
            [
              101.4336964,
              0.6075961
            ],
            [
              101.4339338,
              0.6076618
            ],
            [
              101.4340023,
              0.6076968
            ],
            [
              101.4346143,
              0.6079975
            ],
            [
              101.4348122,
              0.6080561
            ],
            [
              101.4349694,
              0.6080896
            ],
            [
              101.4351368,
              0.6081218
            ],
            [
              101.435298,
              0.608138
            ],
            [
              101.4358994,
              0.6081788
            ],
            [
              101.4359998,
              0.6081969
            ],
            [
              101.4361279,
              0.6082278
            ],
            [
              101.4363974,
              0.6083364
            ],
            [
              101.4365075,
              0.6083888
            ],
            [
              101.4366389,
              0.608472
            ],
            [
              101.4367772,
              0.6085595
            ],
            [
              101.4369191,
              0.6086421
            ],
            [
              101.4370197,
              0.6086985
            ],
            [
              101.4371157,
              0.6087491
            ],
            [
              101.4378837,
              0.609097
            ],
            [
              101.4385217,
              0.6093724
            ],
            [
              101.4387468,
              0.6095129
            ],
            [
              101.438904,
              0.6096452
            ],
            [
              101.439046,
              0.6098075
            ],
            [
              101.4391588,
              0.6099429
            ],
            [
              101.4392832,
              0.6100991
            ],
            [
              101.4395085,
              0.6104382
            ],
            [
              101.4395812,
              0.6105665
            ],
            [
              101.4396096,
              0.6106581
            ],
            [
              101.4396889,
              0.6110072
            ],
            [
              101.4397851,
              0.611347
            ],
            [
              101.4398521,
              0.6115495
            ],
            [
              101.4399607,
              0.6117707
            ],
            [
              101.4400305,
              0.611878
            ],
            [
              101.4400989,
              0.6119625
            ],
            [
              101.4401633,
              0.6120229
            ],
            [
              101.4402384,
              0.612102
            ],
            [
              101.4406943,
              0.6125526
            ],
            [
              101.4407574,
              0.612621
            ],
            [
              101.4408043,
              0.6126786
            ],
            [
              101.4408673,
              0.6127725
            ],
            [
              101.440921,
              0.6128878
            ],
            [
              101.4409558,
              0.6129951
            ],
            [
              101.44098,
              0.6131185
            ],
            [
              101.4409961,
              0.6132298
            ],
            [
              101.4410023,
              0.6132968
            ],
            [
              101.4410087,
              0.6133657
            ],
            [
              101.441013,
              0.6135923
            ],
            [
              101.4410208,
              0.6140033
            ],
            [
              101.4410336,
              0.6141915
            ],
            [
              101.4410403,
              0.6142624
            ],
            [
              101.4410564,
              0.6143415
            ],
            [
              101.441094,
              0.6144676
            ],
            [
              101.4411382,
              0.6145628
            ],
            [
              101.4411771,
              0.6146325
            ],
            [
              101.4412576,
              0.6147505
            ],
            [
              101.4413381,
              0.6148605
            ],
            [
              101.4414574,
              0.6150147
            ],
            [
              101.4415137,
              0.6150804
            ],
            [
              101.4415929,
              0.6151555
            ],
            [
              101.4418906,
              0.6154157
            ],
            [
              101.4419577,
              0.6154773
            ],
            [
              101.4420167,
              0.6155645
            ],
            [
              101.4420864,
              0.6156852
            ],
            [
              101.4421387,
              0.6158153
            ],
            [
              101.4421803,
              0.6159118
            ],
            [
              101.4422084,
              0.616003
            ],
            [
              101.4422393,
              0.6161023
            ],
            [
              101.4422514,
              0.6161814
            ],
            [
              101.4422567,
              0.6162712
            ],
            [
              101.4422822,
              0.6167509
            ],
            [
              101.4422943,
              0.6168318
            ],
            [
              101.4423305,
              0.6169364
            ],
            [
              101.4423895,
              0.617037
            ],
            [
              101.4424446,
              0.6171099
            ],
            [
              101.4425236,
              0.6171603
            ],
            [
              101.4426228,
              0.6172157
            ],
            [
              101.4429259,
              0.6173172
            ],
            [
              101.4434785,
              0.6174996
            ],
            [
              101.4436614,
              0.6175659
            ],
            [
              101.4438626,
              0.6176506
            ],
            [
              101.4439693,
              0.6177249
            ],
            [
              101.4440861,
              0.6178107
            ],
            [
              101.4442,
              0.6179194
            ],
            [
              101.444314,
              0.6180481
            ],
            [
              101.4444199,
              0.618197
            ],
            [
              101.4444733,
              0.6182911
            ],
            [
              101.4450787,
              0.619376
            ],
            [
              101.4454633,
              0.620116
            ],
            [
              101.445777,
              0.6207096
            ],
            [
              101.4462425,
              0.6214396
            ],
            [
              101.4463082,
              0.6215267
            ],
            [
              101.4463766,
              0.6215991
            ],
            [
              101.4464571,
              0.6216742
            ],
            [
              101.4465697,
              0.6217352
            ],
            [
              101.4466676,
              0.6217802
            ],
            [
              101.4467442,
              0.6217945
            ],
            [
              101.4468352,
              0.6218003
            ],
            [
              101.4469088,
              0.6217905
            ],
            [
              101.4471707,
              0.6217216
            ],
            [
              101.4475771,
              0.6216146
            ],
            [
              101.447792,
              0.6216076
            ],
            [
              101.4478813,
              0.6216246
            ],
            [
              101.4479522,
              0.6216484
            ],
            [
              101.4480382,
              0.6216917
            ],
            [
              101.44834,
              0.621873
            ],
            [
              101.4484365,
              0.6219196
            ],
            [
              101.4486361,
              0.6219802
            ],
            [
              101.4487012,
              0.6219997
            ],
            [
              101.4494685,
              0.6222292
            ],
            [
              101.4496234,
              0.6222495
            ],
            [
              101.449754,
              0.6222435
            ],
            [
              101.4498762,
              0.6222287
            ],
            [
              101.4500096,
              0.6222093
            ],
            [
              101.4501089,
              0.6221919
            ],
            [
              101.4501947,
              0.622161
            ],
            [
              101.4502701,
              0.6221304
            ],
            [
              101.4503315,
              0.6220698
            ],
            [
              101.4503755,
              0.6220092
            ],
            [
              101.4505484,
              0.6216984
            ],
            [
              101.4506141,
              0.6216988
            ],
            [
              101.4505915,
              0.6252483
            ],
            [
              101.4505863,
              0.6253729
            ],
            [
              101.4505852,
              0.6257857
            ],
            [
              101.4505872,
              0.6261408
            ],
            [
              101.4505886,
              0.6263814
            ],
            [
              101.4506075,
              0.6272633
            ],
            [
              101.4506432,
              0.6277745
            ],
            [
              101.4507237,
              0.6283226
            ],
            [
              101.4507651,
              0.6285884
            ],
            [
              101.4508946,
              0.629304
            ],
            [
              101.4510277,
              0.630035
            ],
            [
              101.4518944,
              0.6341604
            ],
            [
              101.4521157,
              0.6349908
            ],
            [
              101.4522603,
              0.635718
            ],
            [
              101.4526812,
              0.6384025
            ],
            [
              101.4531243,
              0.640577
            ],
            [
              101.4535645,
              0.6424229
            ],
            [
              101.4538923,
              0.6444846
            ],
            [
              101.4539782,
              0.6448765
            ],
            [
              101.4539917,
              0.6449617
            ],
            [
              101.4540063,
              0.6450358
            ],
            [
              101.4540813,
              0.6454308
            ],
            [
              101.4541961,
              0.6459594
            ],
            [
              101.4543819,
              0.6466531
            ],
            [
              101.4544791,
              0.6469835
            ],
            [
              101.4545982,
              0.6474223
            ],
            [
              101.454655,
              0.6477479
            ],
            [
              101.4547251,
              0.6480919
            ],
            [
              101.4549002,
              0.649336
            ],
            [
              101.454917,
              0.6495254
            ],
            [
              101.4550584,
              0.6502049
            ],
            [
              101.4551809,
              0.6505244
            ],
            [
              101.4553198,
              0.6511231
            ],
            [
              101.4556182,
              0.6526457
            ],
            [
              101.455668,
              0.6528541
            ],
            [
              101.4563586,
              0.6565738
            ],
            [
              101.4568736,
              0.6592614
            ],
            [
              101.4570775,
              0.6604039
            ],
            [
              101.4572,
              0.6610274
            ],
            [
              101.457353,
              0.6618057
            ],
            [
              101.4575922,
              0.6631077
            ],
            [
              101.4578877,
              0.6647246
            ],
            [
              101.457917,
              0.664905
            ],
            [
              101.4579675,
              0.6652057
            ],
            [
              101.4582783,
              0.6670663
            ],
            [
              101.4581,
              0.6671333
            ],
            [
              101.4575351,
              0.6673913
            ],
            [
              101.4569175,
              0.6675591
            ],
            [
              101.4562998,
              0.667368
            ],
            [
              101.4558244,
              0.6670095
            ],
            [
              101.4555155,
              0.6667945
            ],
            [
              101.4551116,
              0.6667229
            ],
            [
              101.4547078,
              0.6668905
            ],
            [
              101.454399,
              0.6669624
            ],
            [
              101.4541615,
              0.6670582
            ],
            [
              101.4539241,
              0.6675127
            ],
            [
              101.4536629,
              0.6676324
            ],
            [
              101.4530214,
              0.6676806
            ],
            [
              101.4527269,
              0.6677142
            ],
            [
              101.4524919,
              0.6677709
            ],
            [
              101.4526041,
              0.6676577
            ],
            [
              101.4526881,
              0.6674695
            ],
            [
              101.4523886,
              0.6669518
            ],
            [
              101.4524259,
              0.6668388
            ],
            [
              101.4525007,
              0.6666787
            ],
            [
              101.4524257,
              0.6663774
            ],
            [
              101.452248,
              0.6664246
            ],
            [
              101.4521358,
              0.6664623
            ],
            [
              101.4520702,
              0.6662458
            ],
            [
              101.4521472,
              0.6660278
            ],
            [
              101.4517473,
              0.6660693
            ],
            [
              101.4515191,
              0.6659738
            ],
            [
              101.4511009,
              0.6658209
            ],
            [
              101.4507361,
              0.665675
            ],
            [
              101.4505023,
              0.6658786
            ],
            [
              101.4502363,
              0.6661275
            ],
            [
              101.4500558,
              0.6662711
            ],
            [
              101.4498657,
              0.6661946
            ],
            [
              101.4495996,
              0.6661087
            ],
            [
              101.4493525,
              0.665994
            ],
            [
              101.4490958,
              0.6658219
            ],
            [
              101.4488867,
              0.6656211
            ],
            [
              101.4487061,
              0.6655543
            ],
            [
              101.4483925,
              0.6656788
            ],
            [
              101.4481645,
              0.6657267
            ],
            [
              101.4478414,
              0.665746
            ],
            [
              101.4473757,
              0.6656889
            ],
            [
              101.4468625,
              0.6654882
            ],
            [
              101.4462067,
              0.6653259
            ],
            [
              101.445836,
              0.6651635
            ],
            [
              101.4456079,
              0.6650574
            ],
            [
              101.4454273,
              0.6649245
            ],
            [
              101.4453321,
              0.6646663
            ],
            [
              101.4452778,
              0.6644444
            ],
            [
              101.4451515,
              0.6645994
            ],
            [
              101.4450851,
              0.6648099
            ],
            [
              101.4449332,
              0.665097
            ],
            [
              101.4448098,
              0.6653171
            ],
            [
              101.44477,
              0.66546
            ],
            [
              101.444551,
              0.665645
            ],
            [
              101.4442063,
              0.6657348
            ],
            [
              101.4433684,
              0.6655316
            ],
            [
              101.4428983,
              0.6656697
            ],
            [
              101.4426851,
              0.6655616
            ],
            [
              101.4426236,
              0.6653731
            ],
            [
              101.4426282,
              0.6653151
            ],
            [
              101.4402008,
              0.6669109
            ],
            [
              101.4385807,
              0.6641215
            ],
            [
              101.4351797,
              0.6656879
            ],
            [
              101.4343643,
              0.6639284
            ],
            [
              101.4287853,
              0.6683913
            ],
            [
              101.4255613,
              0.6695822
            ],
            [
              101.424803,
              0.6687997
            ],
            [
              101.4227074,
              0.6710573
            ],
            [
              101.4226565,
              0.6711136
            ],
            [
              101.4225358,
              0.671131
            ],
            [
              101.4223695,
              0.6711257
            ],
            [
              101.4221495,
              0.671076
            ],
            [
              101.4220101,
              0.671009
            ],
            [
              101.4219511,
              0.6710009
            ],
            [
              101.4218706,
              0.671017
            ],
            [
              101.4217472,
              0.6711109
            ],
            [
              101.4209211,
              0.6715454
            ],
            [
              101.4207709,
              0.6715722
            ],
            [
              101.4204879,
              0.6715762
            ],
            [
              101.4203471,
              0.6716057
            ],
            [
              101.4201593,
              0.6716795
            ],
            [
              101.4197758,
              0.6719155
            ],
            [
              101.4193413,
              0.6722025
            ],
            [
              101.4193439,
              0.67235
            ],
            [
              101.4195156,
              0.6728113
            ],
            [
              101.4195907,
              0.6730151
            ],
            [
              101.4197731,
              0.6734872
            ],
            [
              101.4199747,
              0.6739009
            ],
            [
              101.3972249,
              0.6892804
            ],
            [
              101.3972277,
              0.6888681
            ],
            [
              101.3971808,
              0.6887739
            ],
            [
              101.3970031,
              0.6887646
            ],
            [
              101.3966944,
              0.6887554
            ],
            [
              101.3964699,
              0.6885671
            ],
            [
              101.3964323,
              0.6882847
            ],
            [
              101.3961516,
              0.6880212
            ],
            [
              101.3957866,
              0.6877389
            ],
            [
              101.3954592,
              0.6877014
            ],
            [
              101.3953845,
              0.6878427
            ],
            [
              101.394898,
              0.6877393
            ],
            [
              101.3947201,
              0.6873722
            ],
            [
              101.3943833,
              0.6871276
            ],
            [
              101.3941119,
              0.6869582
            ],
            [
              101.3937658,
              0.6868736
            ],
            [
              101.3937096,
              0.6867795
            ],
            [
              101.3936908,
              0.6865253
            ],
            [
              101.3938591,
              0.6864216
            ],
            [
              101.3939526,
              0.6863368
            ],
            [
              101.3939525,
              0.6860543
            ],
            [
              101.3934661,
              0.6859981
            ],
            [
              101.3932042,
              0.6860171
            ],
            [
              101.3931386,
              0.6858099
            ],
            [
              101.3928766,
              0.6856688
            ],
            [
              101.3925211,
              0.6855089
            ],
            [
              101.3923996,
              0.6857632
            ],
            [
              101.3924749,
              0.6860888
            ],
            [
              101.3924524,
              0.6861874
            ],
            [
              101.3922354,
              0.686155
            ],
            [
              101.3919022,
              0.6859048
            ],
            [
              101.3917479,
              0.6856952
            ],
            [
              101.3917635,
              0.685547
            ],
            [
              101.391868,
              0.6852658
            ],
            [
              101.3915884,
              0.6851808
            ],
            [
              101.3913336,
              0.6852525
            ],
            [
              101.3908934,
              0.6851802
            ],
            [
              101.3904725,
              0.6851428
            ],
            [
              101.3902387,
              0.6851994
            ],
            [
              101.3898926,
              0.6852089
            ],
            [
              101.3894621,
              0.6848702
            ],
            [
              101.3893124,
              0.6847761
            ],
            [
              101.389331,
              0.6845124
            ],
            [
              101.3895554,
              0.6844088
            ],
            [
              101.3895834,
              0.6842769
            ],
            [
              101.3891718,
              0.6841171
            ],
            [
              101.3888163,
              0.6840607
            ],
            [
              101.3884233,
              0.6837125
            ],
            [
              101.387787,
              0.6832609
            ],
            [
              101.3877027,
              0.6829973
            ],
            [
              101.38774,
              0.6827995
            ],
            [
              101.3881422,
              0.6826298
            ],
            [
              101.3881327,
              0.6824227
            ],
            [
              101.3879268,
              0.6821497
            ],
            [
              101.3877677,
              0.6819615
            ],
            [
              101.3876366,
              0.6816508
            ],
            [
              101.3873372,
              0.6814626
            ],
            [
              101.3868228,
              0.6815194
            ],
            [
              101.3865233,
              0.6813501
            ],
            [
              101.3864765,
              0.6812277
            ],
            [
              101.3861492,
              0.681322
            ],
            [
              101.3860182,
              0.681275
            ],
            [
              101.3859526,
              0.6808984
            ],
            [
              101.3858962,
              0.6804935
            ],
            [
              101.3856063,
              0.6804842
            ],
            [
              101.3852602,
              0.6804938
            ],
            [
              101.3849327,
              0.6803433
            ],
            [
              101.3847922,
              0.6799479
            ],
            [
              101.3848015,
              0.6797596
            ],
            [
              101.3853066,
              0.6798629
            ],
            [
              101.3853346,
              0.6796746
            ],
            [
              101.3852784,
              0.6794863
            ],
            [
              101.3853344,
              0.679232
            ],
            [
              101.3855589,
              0.679166
            ],
            [
              101.3853062,
              0.6789778
            ],
            [
              101.3849788,
              0.6789027
            ],
            [
              101.3846795,
              0.6790252
            ],
            [
              101.3845205,
              0.6790347
            ],
            [
              101.3844269,
              0.6788088
            ],
            [
              101.3843612,
              0.6784981
            ],
            [
              101.3841927,
              0.678178
            ],
            [
              101.3841926,
              0.6778955
            ],
            [
              101.3839119,
              0.6776603
            ],
            [
              101.3836779,
              0.6773967
            ],
            [
              101.3837432,
              0.6771519
            ],
            [
              101.3841266,
              0.6768221
            ],
            [
              101.3841359,
              0.676728
            ],
            [
              101.3839861,
              0.6764361
            ],
            [
              101.3839579,
              0.6762573
            ],
            [
              101.3838736,
              0.6759183
            ],
            [
              101.3836584,
              0.6757301
            ],
            [
              101.3836302,
              0.6754476
            ],
            [
              101.3839014,
              0.6753251
            ],
            [
              101.3839106,
              0.6751085
            ],
            [
              101.3838639,
              0.6748959
            ],
            [
              101.3837234,
              0.6748261
            ],
            [
              101.3835082,
              0.6747603
            ],
            [
              101.3834146,
              0.674572
            ],
            [
              101.3832264,
              0.6745755
            ],
            [
              101.3831433,
              0.6743839
            ],
            [
              101.3831432,
              0.674252
            ],
            [
              101.3831644,
              0.6740625
            ],
            [
              101.3833307,
              0.6739892
            ],
            [
              101.3835079,
              0.6740635
            ],
            [
              101.383695,
              0.6740823
            ],
            [
              101.3837042,
              0.6737527
            ],
            [
              101.383676,
              0.673442
            ],
            [
              101.3835916,
              0.6730936
            ],
            [
              101.3835541,
              0.6729901
            ],
            [
              101.3831519,
              0.672849
            ],
            [
              101.3830021,
              0.6727173
            ],
            [
              101.3827309,
              0.6726609
            ],
            [
              101.3825157,
              0.6725574
            ],
            [
              101.3821508,
              0.6724258
            ],
            [
              101.3819263,
              0.6724542
            ],
            [
              101.3818889,
              0.6723035
            ],
            [
              101.3820197,
              0.6721716
            ],
            [
              101.3820477,
              0.6718797
            ],
            [
              101.3817202,
              0.6716916
            ],
            [
              101.381589,
              0.6712773
            ],
            [
              101.3813832,
              0.6710985
            ],
            [
              101.3812802,
              0.6709102
            ],
            [
              101.3815419,
              0.67059
            ],
            [
              101.3815137,
              0.6702793
            ],
            [
              101.3814013,
              0.6699215
            ],
            [
              101.3812423,
              0.6699875
            ],
            [
              101.3810834,
              0.6701006
            ],
            [
              101.3809055,
              0.6698558
            ],
            [
              101.3808867,
              0.6695074
            ],
            [
              101.3809146,
              0.6693568
            ],
            [
              101.3807087,
              0.6690367
            ],
            [
              101.3805496,
              0.6687731
            ],
            [
              101.3803811,
              0.6685096
            ],
            [
              101.380138,
              0.6686792
            ],
            [
              101.3799321,
              0.6685098
            ],
            [
              101.3799975,
              0.6682461
            ],
            [
              101.3799786,
              0.6680013
            ],
            [
              101.3797634,
              0.6677848
            ],
            [
              101.3791646,
              0.6675874
            ],
            [
              101.3790243,
              0.6673991
            ],
            [
              101.3790241,
              0.6671543
            ],
            [
              101.3792111,
              0.6669377
            ],
            [
              101.3791923,
              0.6667399
            ],
            [
              101.3789583,
              0.6664293
            ],
            [
              101.379164,
              0.6661938
            ],
            [
              101.3792481,
              0.6660902
            ],
            [
              101.3792481,
              0.6660149
            ],
            [
              101.37922,
              0.6658925
            ],
            [
              101.3792666,
              0.6656853
            ],
            [
              101.3792852,
              0.6652992
            ],
            [
              101.3793318,
              0.6650544
            ],
            [
              101.3795188,
              0.6649601
            ],
            [
              101.3795655,
              0.6648377
            ],
            [
              101.3794719,
              0.6645647
            ],
            [
              101.3795373,
              0.6644328
            ],
            [
              101.3797524,
              0.664348
            ],
            [
              101.3798458,
              0.6640937
            ],
            [
              101.3797989,
              0.6638583
            ],
            [
              101.3799016,
              0.6635193
            ],
            [
              101.3800323,
              0.662926
            ],
            [
              101.3801538,
              0.6627659
            ],
            [
              101.3800695,
              0.6624081
            ],
            [
              101.3800758,
              0.6620302
            ],
            [
              101.3801612,
              0.6618336
            ],
            [
              101.3803808,
              0.6617352
            ],
            [
              101.3806013,
              0.6616507
            ],
            [
              101.3806638,
              0.6615629
            ],
            [
              101.3805297,
              0.6613233
            ],
            [
              101.3803439,
              0.6612007
            ],
            [
              101.380289,
              0.661041
            ],
            [
              101.3804842,
              0.6609058
            ],
            [
              101.3807405,
              0.6608934
            ],
            [
              101.3808381,
              0.6608073
            ],
            [
              101.3808927,
              0.6602667
            ],
            [
              101.3807767,
              0.6601623
            ],
            [
              101.3806546,
              0.6600272
            ],
            [
              101.3806545,
              0.6598491
            ],
            [
              101.3805752,
              0.6597447
            ],
            [
              101.3805263,
              0.6596648
            ],
            [
              101.3805567,
              0.6595235
            ],
            [
              101.3806605,
              0.6594805
            ],
            [
              101.3808008,
              0.6594743
            ],
            [
              101.3808837,
              0.6594202
            ],
            [
              101.380906,
              0.6594111
            ],
            [
              101.3809307,
              0.6593532
            ],
            [
              101.3808987,
              0.6592354
            ],
            [
              101.3807816,
              0.6591069
            ],
            [
              101.3807602,
              0.6589355
            ],
            [
              101.380824,
              0.658807
            ],
            [
              101.3809091,
              0.6588069
            ],
            [
              101.3810049,
              0.6588497
            ],
            [
              101.3810581,
              0.6589675
            ],
            [
              101.3810901,
              0.6591496
            ],
            [
              101.3811221,
              0.6592995
            ],
            [
              101.3812605,
              0.6593209
            ],
            [
              101.3813562,
              0.6592351
            ],
            [
              101.3814199,
              0.6589566
            ],
            [
              101.3814197,
              0.6586675
            ],
            [
              101.3814835,
              0.6584318
            ],
            [
              101.3815259,
              0.658164
            ],
            [
              101.3814726,
              0.6579285
            ],
            [
              101.3813873,
              0.6576179
            ],
            [
              101.381249,
              0.6575323
            ],
            [
              101.3809299,
              0.6577895
            ],
            [
              101.3807171,
              0.6576932
            ],
            [
              101.3807383,
              0.6575647
            ],
            [
              101.3808339,
              0.6572754
            ],
            [
              101.3808125,
              0.6569863
            ],
            [
              101.3804931,
              0.6565902
            ],
            [
              101.3806633,
              0.6563652
            ],
            [
              101.3807589,
              0.6561723
            ],
            [
              101.3806737,
              0.6559689
            ],
            [
              101.3804716,
              0.655969
            ],
            [
              101.3801312,
              0.6561619
            ],
            [
              101.379961,
              0.6561834
            ],
            [
              101.3799077,
              0.6559907
            ],
            [
              101.3801736,
              0.6557871
            ],
            [
              101.380248,
              0.6555621
            ],
            [
              101.3801734,
              0.6553801
            ],
            [
              101.3798968,
              0.6553802
            ],
            [
              101.3797584,
              0.6552839
            ],
            [
              101.3796944,
              0.6549412
            ],
            [
              101.3796199,
              0.6548341
            ],
            [
              101.3794604,
              0.6549199
            ],
            [
              101.3793967,
              0.6552305
            ],
            [
              101.3793861,
              0.6553805
            ],
            [
              101.3792749,
              0.655462
            ],
            [
              101.3792331,
              0.6554407
            ],
            [
              101.3791969,
              0.6554116
            ],
            [
              101.3791136,
              0.6550996
            ],
            [
              101.378932,
              0.6548713
            ],
            [
              101.3785237,
              0.6548106
            ],
            [
              101.3781457,
              0.654826
            ],
            [
              101.378002,
              0.6547272
            ],
            [
              101.3779565,
              0.6544684
            ],
            [
              101.3779941,
              0.6541259
            ],
            [
              101.3779638,
              0.653928
            ],
            [
              101.3778125,
              0.6538291
            ],
            [
              101.3776538,
              0.6539205
            ],
            [
              101.3775555,
              0.6539358
            ],
            [
              101.3773362,
              0.6538598
            ],
            [
              101.3772227,
              0.6536695
            ],
            [
              101.3771168,
              0.6535554
            ],
            [
              101.3770109,
              0.6536011
            ],
            [
              101.3769353,
              0.6534794
            ],
            [
              101.376973,
              0.6533195
            ],
            [
              101.377056,
              0.6528932
            ],
            [
              101.3771769,
              0.652779
            ],
            [
              101.3772751,
              0.6525887
            ],
            [
              101.3773052,
              0.6522918
            ],
            [
              101.3772371,
              0.6520863
            ],
            [
              101.3772446,
              0.6519874
            ],
            [
              101.3774335,
              0.6517285
            ],
            [
              101.3773991,
              0.6516455
            ],
            [
              101.3771535,
              0.6513405
            ],
            [
              101.3771005,
              0.6511806
            ],
            [
              101.3771912,
              0.6510208
            ],
            [
              101.3773802,
              0.6509065
            ],
            [
              101.3774481,
              0.6507618
            ],
            [
              101.3775068,
              0.6504485
            ],
            [
              101.3775006,
              0.6498012
            ],
            [
              101.3774976,
              0.6490603
            ],
            [
              101.3775096,
              0.6489726
            ],
            [
              101.3774627,
              0.6486995
            ],
            [
              101.3773129,
              0.6484077
            ],
            [
              101.3769666,
              0.6479653
            ],
            [
              101.3768729,
              0.6475699
            ],
            [
              101.3767137,
              0.647165
            ],
            [
              101.3764703,
              0.646845
            ],
            [
              101.3763299,
              0.6465061
            ],
            [
              101.3763016,
              0.6460447
            ],
            [
              101.3760302,
              0.6457059
            ],
            [
              101.3759519,
              0.6456404
            ],
            [
              101.3757588,
              0.6453859
            ],
            [
              101.3756183,
              0.645094
            ],
            [
              101.3753843,
              0.6447081
            ],
            [
              101.3751503,
              0.6444257
            ],
            [
              101.3748696,
              0.6442375
            ],
            [
              101.3746953,
              0.6442303
            ],
            [
              101.3745516,
              0.6442282
            ],
            [
              101.3742429,
              0.644106
            ],
            [
              101.3738967,
              0.6438331
            ],
            [
              101.3730824,
              0.6428448
            ],
            [
              101.3727082,
              0.6425624
            ],
            [
              101.3720906,
              0.6420354
            ],
            [
              101.3714543,
              0.6415461
            ],
            [
              101.3709677,
              0.6410284
            ],
            [
              101.3706214,
              0.6407273
            ],
            [
              101.3702565,
              0.6403414
            ],
            [
              101.3700318,
              0.6399931
            ],
            [
              101.3697885,
              0.6397484
            ],
            [
              101.3693021,
              0.6396921
            ],
            [
              101.3690869,
              0.6396451
            ],
            [
              101.3688437,
              0.6396452
            ],
            [
              101.3685444,
              0.639636
            ],
            [
              101.3680579,
              0.6394102
            ],
            [
              101.3676276,
              0.6393068
            ],
            [
              101.3672066,
              0.6391846
            ],
            [
              101.366795,
              0.6390153
            ],
            [
              101.3667482,
              0.6390153
            ],
            [
              101.3665705,
              0.6389683
            ],
            [
              101.3663833,
              0.6387707
            ],
            [
              101.366299,
              0.6386012
            ],
            [
              101.3661867,
              0.6383
            ],
            [
              101.3659621,
              0.6381776
            ],
            [
              101.3658125,
              0.6381777
            ],
            [
              101.3656534,
              0.6380836
            ],
            [
              101.3653354,
              0.6380555
            ],
            [
              101.3651016,
              0.6381686
            ],
            [
              101.3649706,
              0.638131
            ],
            [
              101.3648771,
              0.6381687
            ],
            [
              101.3647929,
              0.638084
            ],
            [
              101.3647928,
              0.637971
            ],
            [
              101.3647834,
              0.6377545
            ],
            [
              101.3646244,
              0.6378487
            ],
            [
              101.3644655,
              0.6381124
            ],
            [
              101.3643533,
              0.6382066
            ],
            [
              101.3641007,
              0.6381691
            ],
            [
              101.3638482,
              0.6381598
            ],
            [
              101.3636797,
              0.637915
            ],
            [
              101.3635487,
              0.637821
            ],
            [
              101.363212,
              0.6378588
            ],
            [
              101.3630061,
              0.6377741
            ],
            [
              101.3628566,
              0.6379343
            ],
            [
              101.3627537,
              0.6379626
            ],
            [
              101.362632,
              0.6376895
            ],
            [
              101.3625664,
              0.637473
            ],
            [
              101.3625943,
              0.6371905
            ],
            [
              101.3625849,
              0.6370493
            ],
            [
              101.3624165,
              0.6368799
            ],
            [
              101.3620049,
              0.6368047
            ],
            [
              101.3617991,
              0.6368048
            ],
            [
              101.3615465,
              0.6368332
            ],
            [
              101.3613314,
              0.6369463
            ],
            [
              101.3612192,
              0.6368427
            ],
            [
              101.3611723,
              0.6366733
            ],
            [
              101.3611441,
              0.6364002
            ],
            [
              101.3609195,
              0.6361649
            ],
            [
              101.3607791,
              0.6359484
            ],
            [
              101.360779,
              0.6357695
            ],
            [
              101.3604702,
              0.635506
            ],
            [
              101.3603859,
              0.6350823
            ],
            [
              101.3603484,
              0.6349693
            ],
            [
              101.3605261,
              0.6349504
            ],
            [
              101.360629,
              0.6349033
            ],
            [
              101.3606009,
              0.6347715
            ],
            [
              101.3605914,
              0.6346114
            ],
            [
              101.3605072,
              0.6343949
            ],
            [
              101.3603669,
              0.6345173
            ],
            [
              101.360105,
              0.6346304
            ],
            [
              101.3599834,
              0.6345552
            ],
            [
              101.3598617,
              0.6343669
            ],
            [
              101.3597775,
              0.6342257
            ],
            [
              101.3599926,
              0.6341503
            ],
            [
              101.36003,
              0.6341503
            ],
            [
              101.3598148,
              0.6339149
            ],
            [
              101.3595434,
              0.633755
            ],
            [
              101.3584768,
              0.6331434
            ],
            [
              101.3579623,
              0.6329083
            ],
            [
              101.3576161,
              0.6326824
            ],
            [
              101.3569425,
              0.6323908
            ],
            [
              101.3558104,
              0.631751
            ],
            [
              101.3551648,
              0.6314124
            ],
            [
              101.3549963,
              0.6310452
            ],
            [
              101.3547529,
              0.6306498
            ],
            [
              101.3543319,
              0.630537
            ],
            [
              101.354098,
              0.630443
            ],
            [
              101.3540045,
              0.6303583
            ],
            [
              101.3540324,
              0.630217
            ],
            [
              101.3544159,
              0.6301227
            ],
            [
              101.3544159,
              0.6300473
            ],
            [
              101.3544813,
              0.6298496
            ],
            [
              101.3542567,
              0.6295766
            ],
            [
              101.3539012,
              0.6294638
            ],
            [
              101.3536859,
              0.6292284
            ],
            [
              101.3538074,
              0.6289742
            ],
            [
              101.3537418,
              0.6287764
            ],
            [
              101.3536015,
              0.6286258
            ],
            [
              101.353592,
              0.6285034
            ],
            [
              101.3536949,
              0.6282962
            ],
            [
              101.3535732,
              0.628108
            ],
            [
              101.3530494,
              0.6281176
            ],
            [
              101.3526752,
              0.6280425
            ],
            [
              101.3523945,
              0.6278637
            ],
            [
              101.3520764,
              0.6276755
            ],
            [
              101.3518893,
              0.6276285
            ],
            [
              101.3517208,
              0.6274591
            ],
            [
              101.3516459,
              0.6273461
            ],
            [
              101.351384,
              0.6271767
            ],
            [
              101.3512291,
              0.6269757
            ],
            [
              101.3511593,
              0.6269038
            ],
            [
              101.3509909,
              0.6267532
            ],
            [
              101.351075,
              0.6264707
            ],
            [
              101.3510936,
              0.6263294
            ],
            [
              101.3509439,
              0.6262353
            ],
            [
              101.3506259,
              0.6263108
            ],
            [
              101.350392,
              0.6262073
            ],
            [
              101.3503452,
              0.6259908
            ],
            [
              101.3502422,
              0.6258119
            ],
            [
              101.3501953,
              0.6256707
            ],
            [
              101.3499896,
              0.6256331
            ],
            [
              101.3497089,
              0.6256332
            ],
            [
              101.3494844,
              0.6254638
            ],
            [
              101.3494936,
              0.6252002
            ],
            [
              101.3494386,
              0.6250681
            ],
            [
              101.3492502,
              0.6247954
            ],
            [
              101.3491285,
              0.62456
            ],
            [
              101.349063,
              0.6244
            ],
            [
              101.3487169,
              0.6244001
            ],
            [
              101.3486606,
              0.6241459
            ],
            [
              101.3486699,
              0.6239858
            ],
            [
              101.3486525,
              0.6239137
            ],
            [
              101.3485576,
              0.6237599
            ],
            [
              101.3484536,
              0.6234241
            ],
            [
              101.3483235,
              0.6233269
            ],
            [
              101.348048,
              0.623226
            ],
            [
              101.3479654,
              0.6230658
            ],
            [
              101.3479024,
              0.622941
            ],
            [
              101.3478858,
              0.62273
            ],
            [
              101.3478195,
              0.6225375
            ],
            [
              101.3476309,
              0.6221972
            ],
            [
              101.3474624,
              0.6220843
            ],
            [
              101.3473314,
              0.6219337
            ],
            [
              101.347247,
              0.6217728
            ],
            [
              101.3470788,
              0.6217078
            ],
            [
              101.3469434,
              0.6216093
            ],
            [
              101.3469103,
              0.621416
            ],
            [
              101.3469009,
              0.6212653
            ],
            [
              101.3469943,
              0.6210864
            ],
            [
              101.3469821,
              0.620935
            ],
            [
              101.3468165,
              0.6208322
            ],
            [
              101.346747,
              0.6206832
            ],
            [
              101.3467976,
              0.6205026
            ],
            [
              101.3468733,
              0.6203086
            ],
            [
              101.3467133,
              0.6201637
            ],
            [
              101.3464981,
              0.6200225
            ],
            [
              101.346367,
              0.6197213
            ],
            [
              101.3463201,
              0.6194012
            ],
            [
              101.3463107,
              0.6192976
            ],
            [
              101.3463106,
              0.6191752
            ],
            [
              101.3466287,
              0.6192127
            ],
            [
              101.3467035,
              0.6190997
            ],
            [
              101.3466379,
              0.6188643
            ],
            [
              101.3464974,
              0.6185724
            ],
            [
              101.3464341,
              0.6184816
            ],
            [
              101.3462073,
              0.618243
            ],
            [
              101.3458985,
              0.6179418
            ],
            [
              101.3455243,
              0.6178478
            ],
            [
              101.3452368,
              0.6178506
            ],
            [
              101.3451314,
              0.6176879
            ],
            [
              101.3450845,
              0.6174619
            ],
            [
              101.3448132,
              0.6173961
            ],
            [
              101.3445887,
              0.6171797
            ],
            [
              101.3443173,
              0.616982
            ],
            [
              101.3440554,
              0.617001
            ],
            [
              101.3438589,
              0.6168316
            ],
            [
              101.3438494,
              0.6164926
            ],
            [
              101.3438774,
              0.6162666
            ],
            [
              101.3441205,
              0.6162006
            ],
            [
              101.3441252,
              0.6160191
            ],
            [
              101.3439614,
              0.6159558
            ],
            [
              101.3437556,
              0.6159088
            ],
            [
              101.3434843,
              0.6157395
            ],
            [
              101.3431943,
              0.6156266
            ],
            [
              101.3429697,
              0.6154195
            ],
            [
              101.3429696,
              0.6152595
            ],
            [
              101.3431754,
              0.6152123
            ],
            [
              101.3432127,
              0.6151464
            ],
            [
              101.3432126,
              0.6149109
            ],
            [
              101.3430816,
              0.6146191
            ],
            [
              101.3428383,
              0.6145627
            ],
            [
              101.3426325,
              0.614365
            ],
            [
              101.3423741,
              0.6142669
            ],
            [
              101.3421901,
              0.6143613
            ],
            [
              101.3419589,
              0.6142429
            ],
            [
              101.3419495,
              0.6139604
            ],
            [
              101.3418465,
              0.6137251
            ],
            [
              101.3415564,
              0.6134521
            ],
            [
              101.3412195,
              0.6132169
            ],
            [
              101.3409763,
              0.6131228
            ],
            [
              101.3408358,
              0.6128027
            ],
            [
              101.3407889,
              0.6124732
            ],
            [
              101.3407608,
              0.6122095
            ],
            [
              101.3407793,
              0.6118517
            ],
            [
              101.34048,
              0.6117953
            ],
            [
              101.340508,
              0.6116352
            ],
            [
              101.3407417,
              0.6115033
            ],
            [
              101.3409288,
              0.6115597
            ],
            [
              101.3411349,
              0.6121152
            ],
            [
              101.3413874,
              0.6121528
            ],
            [
              101.3413874,
              0.6119644
            ],
            [
              101.3412189,
              0.6117291
            ],
            [
              101.3412375,
              0.6114278
            ],
            [
              101.3413123,
              0.6113241
            ],
            [
              101.3413683,
              0.6112394
            ],
            [
              101.3414712,
              0.6111263
            ],
            [
              101.3417706,
              0.6112769
            ],
            [
              101.3418641,
              0.6111544
            ],
            [
              101.3413867,
              0.610552
            ],
            [
              101.3411997,
              0.6106368
            ],
            [
              101.3411624,
              0.6109381
            ],
            [
              101.3410502,
              0.6109476
            ],
            [
              101.3408162,
              0.6106464
            ],
            [
              101.3406385,
              0.610637
            ],
            [
              101.340545,
              0.6107878
            ],
            [
              101.3404608,
              0.6106936
            ],
            [
              101.3406009,
              0.6102416
            ],
            [
              101.3405726,
              0.6098273
            ],
            [
              101.3404322,
              0.6095448
            ],
            [
              101.3403388,
              0.6098462
            ],
            [
              101.3403612,
              0.6098895
            ],
            [
              101.3403761,
              0.609936
            ],
            [
              101.3403831,
              0.6099843
            ],
            [
              101.3403819,
              0.610033
            ],
            [
              101.3403726,
              0.6100809
            ],
            [
              101.3403555,
              0.6101266
            ],
            [
              101.3403311,
              0.6101688
            ],
            [
              101.3402999,
              0.6102063
            ],
            [
              101.340263,
              0.6102382
            ],
            [
              101.3402212,
              0.6102634
            ],
            [
              101.3401759,
              0.6102814
            ],
            [
              101.3401282,
              0.6102915
            ],
            [
              101.3400794,
              0.6102936
            ],
            [
              101.340031,
              0.6102876
            ],
            [
              101.3399899,
              0.6102757
            ],
            [
              101.3399509,
              0.6102579
            ],
            [
              101.339915,
              0.6102347
            ],
            [
              101.3398828,
              0.6102064
            ],
            [
              101.3398552,
              0.6101737
            ],
            [
              101.3398325,
              0.6101374
            ],
            [
              101.3397172,
              0.6100328
            ],
            [
              101.3396689,
              0.6099201
            ],
            [
              101.3397226,
              0.6098343
            ],
            [
              101.3399398,
              0.6097699
            ],
            [
              101.339941,
              0.609671
            ],
            [
              101.3396689,
              0.6096171
            ],
            [
              101.3394624,
              0.6096117
            ],
            [
              101.339398,
              0.6095259
            ],
            [
              101.3392478,
              0.6095473
            ],
            [
              101.3391995,
              0.6095259
            ],
            [
              101.339162,
              0.6094937
            ],
            [
              101.3391674,
              0.6094293
            ],
            [
              101.3391459,
              0.6093864
            ],
            [
              101.3390601,
              0.6093649
            ],
            [
              101.3389903,
              0.6093006
            ],
            [
              101.3389957,
              0.6092255
            ],
            [
              101.338942,
              0.6090646
            ],
            [
              101.3389152,
              0.6089519
            ],
            [
              101.3388723,
              0.6088875
            ],
            [
              101.3388616,
              0.6088339
            ],
            [
              101.3387972,
              0.6087695
            ],
            [
              101.3387731,
              0.6087454
            ],
            [
              101.338757,
              0.6087695
            ],
            [
              101.3387275,
              0.6088178
            ],
            [
              101.338698,
              0.6089063
            ],
            [
              101.3386443,
              0.6089519
            ],
            [
              101.3385665,
              0.6089519
            ],
            [
              101.3384351,
              0.6089626
            ],
            [
              101.3383707,
              0.6089358
            ],
            [
              101.3383386,
              0.6089036
            ],
            [
              101.3382661,
              0.6088232
            ],
            [
              101.3382715,
              0.6086891
            ],
            [
              101.3383251,
              0.6085872
            ],
            [
              101.3383144,
              0.6085174
            ],
            [
              101.3382822,
              0.608437
            ],
            [
              101.3382071,
              0.608394
            ],
            [
              101.3380891,
              0.6083136
            ],
            [
              101.3380247,
              0.6082653
            ],
            [
              101.3379067,
              0.6082868
            ],
            [
              101.3378423,
              0.608217
            ],
            [
              101.3378048,
              0.6081473
            ],
            [
              101.3378745,
              0.6081151
            ],
            [
              101.3379282,
              0.6080615
            ],
            [
              101.3379496,
              0.6080025
            ],
            [
              101.3379228,
              0.6079488
            ],
            [
              101.3378853,
              0.607863
            ],
            [
              101.3378906,
              0.6077772
            ],
            [
              101.3377941,
              0.607627
            ],
            [
              101.3377672,
              0.6075143
            ],
            [
              101.3376975,
              0.607407
            ],
            [
              101.3375848,
              0.607391
            ],
            [
              101.3374937,
              0.6072998
            ],
            [
              101.3374507,
              0.6072193
            ],
            [
              101.337322,
              0.6071871
            ],
            [
              101.3372308,
              0.6072622
            ],
            [
              101.3371289,
              0.6073802
            ],
            [
              101.3370055,
              0.6075411
            ],
            [
              101.3369143,
              0.607627
            ],
            [
              101.3367963,
              0.6076967
            ],
            [
              101.3367212,
              0.607627
            ],
            [
              101.3366461,
              0.6075572
            ],
            [
              101.3365924,
              0.6074178
            ],
            [
              101.3365281,
              0.6073266
            ],
            [
              101.336453,
              0.6072408
            ],
            [
              101.3363671,
              0.6071174
            ],
            [
              101.3362491,
              0.6070637
            ],
            [
              101.3361418,
              0.6070369
            ],
            [
              101.3360292,
              0.6071067
            ],
            [
              101.3358575,
              0.6072193
            ],
            [
              101.3356644,
              0.6073963
            ],
            [
              101.3354391,
              0.6076484
            ],
            [
              101.335144,
              0.6079542
            ],
            [
              101.3351011,
              0.6080025
            ],
            [
              101.3348812,
              0.6079381
            ],
            [
              101.3346505,
              0.6079274
            ],
            [
              101.3343126,
              0.6079488
            ],
            [
              101.3340336,
              0.607981
            ],
            [
              101.333921,
              0.6079703
            ],
            [
              101.3337976,
              0.6078469
            ],
            [
              101.3336956,
              0.6076967
            ],
            [
              101.3336044,
              0.6075358
            ],
            [
              101.3335401,
              0.6074714
            ],
            [
              101.3333362,
              0.6073534
            ],
            [
              101.3331699,
              0.6072515
            ],
            [
              101.3330358,
              0.6071388
            ],
            [
              101.3329607,
              0.6070798
            ],
            [
              101.3328534,
              0.6070208
            ],
            [
              101.33273,
              0.606935
            ],
            [
              101.3325959,
              0.6068653
            ],
            [
              101.3324404,
              0.6067902
            ],
            [
              101.3323063,
              0.6067741
            ],
            [
              101.3321936,
              0.60664
            ],
            [
              101.3321882,
              0.6065434
            ],
            [
              101.3322312,
              0.606302
            ],
            [
              101.3322741,
              0.6061465
            ],
            [
              101.3323814,
              0.6060767
            ],
            [
              101.3325155,
              0.6060231
            ],
            [
              101.3326764,
              0.6059319
            ],
            [
              101.3326871,
              0.6058568
            ],
            [
              101.3326228,
              0.6057924
            ],
            [
              101.3324296,
              0.6057871
            ],
            [
              101.332317,
              0.6057388
            ],
            [
              101.3322204,
              0.6056959
            ],
            [
              101.3321346,
              0.6057281
            ],
            [
              101.3320166,
              0.6057549
            ],
            [
              101.3319254,
              0.6057173
            ],
            [
              101.3318342,
              0.6056101
            ],
            [
              101.3317591,
              0.6054062
            ],
            [
              101.3316947,
              0.6050522
            ],
            [
              101.3317913,
              0.604607
            ],
            [
              101.3318396,
              0.6042154
            ],
            [
              101.3318342,
              0.6040277
            ],
            [
              101.3316786,
              0.6039311
            ],
            [
              101.3315982,
              0.6038667
            ],
            [
              101.3315284,
              0.6037487
            ],
            [
              101.3315391,
              0.6036253
            ],
            [
              101.331625,
              0.6035932
            ],
            [
              101.3316786,
              0.6035288
            ],
            [
              101.3317054,
              0.6034644
            ],
            [
              101.3317108,
              0.6033786
            ],
            [
              101.3316733,
              0.6033357
            ],
            [
              101.3317162,
              0.6032981
            ],
            [
              101.3317537,
              0.6032069
            ],
            [
              101.3317591,
              0.6031479
            ],
            [
              101.3317001,
              0.6030943
            ],
            [
              101.3316357,
              0.6030728
            ],
            [
              101.331566,
              0.6030728
            ],
            [
              101.3315445,
              0.603046
            ],
            [
              101.3315526,
              0.6029977
            ],
            [
              101.3315955,
              0.6029441
            ],
            [
              101.3316303,
              0.6029065
            ],
            [
              101.3316599,
              0.6028744
            ],
            [
              101.3316733,
              0.6028288
            ],
            [
              101.3316894,
              0.6027537
            ],
            [
              101.331684,
              0.6027081
            ],
            [
              101.3316518,
              0.6026652
            ],
            [
              101.3315901,
              0.6026544
            ],
            [
              101.3315392,
              0.6026571
            ],
            [
              101.3314775,
              0.6027027
            ],
            [
              101.3314265,
              0.6027564
            ],
            [
              101.331397,
              0.6028019
            ],
            [
              101.3313729,
              0.6028475
            ],
            [
              101.3313541,
              0.6029065
            ],
            [
              101.3313353,
              0.6029387
            ],
            [
              101.331287,
              0.6029495
            ],
            [
              101.331228,
              0.6029119
            ],
            [
              101.331169,
              0.602869
            ],
            [
              101.3311475,
              0.6028207
            ],
            [
              101.3311207,
              0.6027671
            ],
            [
              101.3310832,
              0.6027376
            ],
            [
              101.3310134,
              0.6027188
            ],
            [
              101.330933,
              0.6027027
            ],
            [
              101.3308552,
              0.6027027
            ],
            [
              101.3307935,
              0.6027349
            ],
            [
              101.3307023,
              0.6027403
            ],
            [
              101.3306326,
              0.6027242
            ],
            [
              101.3305843,
              0.6027134
            ],
            [
              101.3305736,
              0.6026705
            ],
            [
              101.3305762,
              0.6025767
            ],
            [
              101.3306031,
              0.6025337
            ],
            [
              101.3306326,
              0.6024801
            ],
            [
              101.3306165,
              0.602413
            ],
            [
              101.3306433,
              0.6023594
            ],
            [
              101.3306594,
              0.6022146
            ],
            [
              101.3307989,
              0.6020912
            ],
            [
              101.3309061,
              0.6020429
            ],
            [
              101.330992,
              0.6019786
            ],
            [
              101.3310188,
              0.6019142
            ],
            [
              101.3309973,
              0.6018337
            ],
            [
              101.3309598,
              0.6017747
            ],
            [
              101.3308847,
              0.6016996
            ],
            [
              101.3308096,
              0.601705
            ],
            [
              101.3307452,
              0.6017372
            ],
            [
              101.3306755,
              0.6017854
            ],
            [
              101.3305843,
              0.6018659
            ],
            [
              101.3304877,
              0.6019356
            ],
            [
              101.3303751,
              0.6019571
            ],
            [
              101.3302195,
              0.6019464
            ],
            [
              101.3301122,
              0.6019249
            ],
            [
              101.3300478,
              0.6018176
            ],
            [
              101.3300639,
              0.601705
            ],
            [
              101.330139,
              0.6016782
            ],
            [
              101.330241,
              0.601646
            ],
            [
              101.3303053,
              0.6016138
            ],
            [
              101.3303482,
              0.6015387
            ],
            [
              101.3303429,
              0.6014475
            ],
            [
              101.3303214,
              0.6013724
            ],
            [
              101.3302624,
              0.6013134
            ],
            [
              101.3301766,
              0.6013402
            ],
            [
              101.3300693,
              0.6013885
            ],
            [
              101.329962,
              0.6013349
            ],
            [
              101.3325573,
              0.5995516
            ],
            [
              101.3348908,
              0.6018796
            ],
            [
              101.3361171,
              0.6030935
            ],
            [
              101.3374481,
              0.6044429
            ],
            [
              101.3376787,
              0.6046817
            ],
            [
              101.3400051,
              0.6020745
            ],
            [
              101.341182,
              0.6007559
            ],
            [
              101.3422419,
              0.5996036
            ],
            [
              101.3425747,
              0.5992278
            ],
            [
              101.3426063,
              0.5991933
            ],
            [
              101.343359,
              0.5983715
            ],
            [
              101.3443572,
              0.5972808
            ],
            [
              101.3450669,
              0.5964838
            ],
            [
              101.3452719,
              0.5965748
            ],
            [
              101.3468925,
              0.5974128
            ],
            [
              101.3471844,
              0.5975644
            ],
            [
              101.3487719,
              0.5983309
            ],
            [
              101.3495863,
              0.5987031
            ],
            [
              101.3496339,
              0.5987261
            ],
            [
              101.3504882,
              0.5991384
            ],
            [
              101.35209,
              0.599927
            ],
            [
              101.3535536,
              0.600675
            ],
            [
              101.3542187,
              0.6009588
            ],
            [
              101.3558429,
              0.5976015
            ],
            [
              101.3558792,
              0.5975264
            ],
            [
              101.3566578,
              0.5959126
            ],
            [
              101.3576629,
              0.5937468
            ],
            [
              101.3576843,
              0.5937039
            ],
            [
              101.3577125,
              0.5936477
            ],
            [
              101.3579393,
              0.5931754
            ],
            [
              101.3580108,
              0.5930421
            ],
            [
              101.3593993,
              0.5900595
            ],
            [
              101.3615933,
              0.5912691
            ],
            [
              101.3624865,
              0.5917867
            ],
            [
              101.364651,
              0.5929467
            ],
            [
              101.3651626,
              0.5932057
            ],
            [
              101.365706,
              0.5934731
            ],
            [
              101.3689723,
              0.5952864
            ],
            [
              101.3694689,
              0.5937299
            ],
            [
              101.3697785,
              0.5926026
            ],
            [
              101.3698016,
              0.5925145
            ],
            [
              101.3698228,
              0.5924335
            ],
            [
              101.369999,
              0.5918874
            ],
            [
              101.3703179,
              0.590791
            ],
            [
              101.3705623,
              0.589814
            ],
            [
              101.3706639,
              0.5894201
            ],
            [
              101.3707778,
              0.5889982
            ],
            [
              101.3708742,
              0.5886728
            ],
            [
              101.3709663,
              0.588334
            ],
            [
              101.3713986,
              0.5870534
            ],
            [
              101.3719814,
              0.5854838
            ],
            [
              101.3699001,
              0.5851561
            ],
            [
              101.3704202,
              0.5833108
            ]
          ]
        ]
      },
      "id": "relation/18494688"
    }
  ]
}