{
  "type": "FeatureCollection",
  "generator": "overpass-turbo",
  "copyright": "The data included in this document is from www.openstreetmap.org. The data is made available under ODbL.",
  "timestamp": "2026-01-02T09:58:01Z",
  "features": [
    {
      "type": "Feature",
      "properties": {
        "@id": "relation/17872023",
        "admin_level": "6",
        "border_type": "district",
        "boundary": "administrative",
        "name": "Rumbai Timur",
        "name:en": "East Rumbai District",
        "name:id": "Rumbai Timur",
        "name:ms": "Kecamatan Rumbai Timur",
        "name:ms-Arab": "کچامتن رومبي تيمور",
        "name:nl": "District Oost Rumbai",
        "official_name": "Kecamatan Rumbai Timur",
        "ref": "14.71.15",
        "short_name": "Rumbai Timur",
        "source": "Peraturan Daerah Kota Pekanbaru 2/2020 Tentang Penataan Kecamatan",
        "type": "boundary",
        "wikidata": "Q109438618"
      },
      "geometry": {
        "type": "Polygon",
        "coordinates": [
          [
            [
              101.4508438,
              0.5566381
            ],
            [
              101.4508346,
              0.5558543
            ],
            [
              101.4512143,
              0.5558392
            ],
            [
              101.4515594,
              0.555849
            ],
            [
              101.4518594,
              0.5558672
            ],
            [
              101.4525268,
              0.5560832
            ],
            [
              101.4528129,
              0.5561694
            ],
            [
              101.4529255,
              0.5562357
            ],
            [
              101.4534831,
              0.5564638
            ],
            [
              101.4540195,
              0.5565818
            ],
            [
              101.4545506,
              0.5566355
            ],
            [
              101.4554033,
              0.5566067
            ],
            [
              101.4556404,
              0.5565962
            ],
            [
              101.4558699,
              0.556544
            ],
            [
              101.4560624,
              0.5564395
            ],
            [
              101.4564178,
              0.5561933
            ],
            [
              101.4565784,
              0.5560044
            ],
            [
              101.4573093,
              0.5551727
            ],
            [
              101.45782,
              0.5546283
            ],
            [
              101.4584233,
              0.5540875
            ],
            [
              101.4590156,
              0.5536847
            ],
            [
              101.4595264,
              0.5533938
            ],
            [
              101.4600965,
              0.5531251
            ],
            [
              101.4607999,
              0.5527446
            ],
            [
              101.4614588,
              0.5523791
            ],
            [
              101.4620437,
              0.5520583
            ],
            [
              101.4626434,
              0.5517002
            ],
            [
              101.4632837,
              0.5512191
            ],
            [
              101.4638389,
              0.5506672
            ],
            [
              101.464172,
              0.5502645
            ],
            [
              101.4644828,
              0.5498394
            ],
            [
              101.4650564,
              0.5490005
            ],
            [
              101.4656115,
              0.5481653
            ],
            [
              101.4659371,
              0.5476285
            ],
            [
              101.4663657,
              0.5471024
            ],
            [
              101.4665524,
              0.5469044
            ],
            [
              101.4668847,
              0.5466426
            ],
            [
              101.4670371,
              0.5465484
            ],
            [
              101.4674758,
              0.5463151
            ],
            [
              101.4678598,
              0.5461385
            ],
            [
              101.4682732,
              0.5460509
            ],
            [
              101.4685552,
              0.5460442
            ],
            [
              101.4688352,
              0.5460792
            ],
            [
              101.4691069,
              0.5461551
            ],
            [
              101.4694968,
              0.5463488
            ],
            [
              101.4698327,
              0.5466258
            ],
            [
              101.4700969,
              0.5469719
            ],
            [
              101.4703971,
              0.5475039
            ],
            [
              101.4707779,
              0.5483128
            ],
            [
              101.4717439,
              0.550759
            ],
            [
              101.4717923,
              0.5509099
            ],
            [
              101.4718962,
              0.5515211
            ],
            [
              101.4719211,
              0.552098
            ],
            [
              101.4719107,
              0.5522835
            ],
            [
              101.4715529,
              0.5538807
            ],
            [
              101.4715518,
              0.5538916
            ],
            [
              101.4714865,
              0.5545815
            ],
            [
              101.471546,
              0.5551033
            ],
            [
              101.4718202,
              0.5557667
            ],
            [
              101.4722352,
              0.5563033
            ],
            [
              101.4726908,
              0.5567392
            ],
            [
              101.4731209,
              0.5569988
            ],
            [
              101.4734862,
              0.557177
            ],
            [
              101.4737351,
              0.5572755
            ],
            [
              101.4739593,
              0.5573115
            ],
            [
              101.4741054,
              0.557335
            ],
            [
              101.4744239,
              0.5573199
            ],
            [
              101.4749544,
              0.5572584
            ],
            [
              101.4750388,
              0.5572539
            ],
            [
              101.4759985,
              0.5571368
            ],
            [
              101.4763467,
              0.5569701
            ],
            [
              101.4765897,
              0.5568755
            ],
            [
              101.4775345,
              0.5564013
            ],
            [
              101.4783312,
              0.5560198
            ],
            [
              101.4799251,
              0.5551839
            ],
            [
              101.4802704,
              0.5550859
            ],
            [
              101.4804559,
              0.5550371
            ],
            [
              101.4808025,
              0.5549951
            ],
            [
              101.4812357,
              0.5549986
            ],
            [
              101.4817393,
              0.5550879
            ],
            [
              101.4823911,
              0.5552814
            ],
            [
              101.482589,
              0.5553681
            ],
            [
              101.4828155,
              0.5554673
            ],
            [
              101.4828503,
              0.5554825
            ],
            [
              101.4830893,
              0.5556259
            ],
            [
              101.4832725,
              0.5557358
            ],
            [
              101.48363,
              0.5559998
            ],
            [
              101.4842206,
              0.5564361
            ],
            [
              101.4848059,
              0.5569577
            ],
            [
              101.4850726,
              0.5572111
            ],
            [
              101.487407,
              0.5589049
            ],
            [
              101.4876318,
              0.5590841
            ],
            [
              101.4889157,
              0.5597123
            ],
            [
              101.4906127,
              0.5599603
            ],
            [
              101.4911967,
              0.5600117
            ],
            [
              101.4937652,
              0.5600149
            ],
            [
              101.4958337,
              0.5602691
            ],
            [
              101.4985867,
              0.561328
            ],
            [
              101.5010908,
              0.5617722
            ],
            [
              101.5034131,
              0.5616173
            ],
            [
              101.505437,
              0.5612599
            ],
            [
              101.5060411,
              0.5611532
            ],
            [
              101.5076332,
              0.56149
            ],
            [
              101.5089164,
              0.5633771
            ],
            [
              101.5096846,
              0.5653104
            ],
            [
              101.5100944,
              0.5673906
            ],
            [
              101.5110547,
              0.5688379
            ],
            [
              101.5128646,
              0.5698624
            ],
            [
              101.5144976,
              0.5693013
            ],
            [
              101.516373,
              0.5679989
            ],
            [
              101.5187945,
              0.5673917
            ],
            [
              101.5211741,
              0.5676341
            ],
            [
              101.5223897,
              0.5684806
            ],
            [
              101.5237254,
              0.5712088
            ],
            [
              101.5243558,
              0.5731181
            ],
            [
              101.5244413,
              0.5742125
            ],
            [
              101.5241348,
              0.5756742
            ],
            [
              101.5240962,
              0.5762662
            ],
            [
              101.5242404,
              0.5767382
            ],
            [
              101.5248795,
              0.5772632
            ],
            [
              101.5260042,
              0.5776383
            ],
            [
              101.5274727,
              0.5783322
            ],
            [
              101.5281629,
              0.5783712
            ],
            [
              101.5288375,
              0.578316
            ],
            [
              101.5295211,
              0.578099
            ],
            [
              101.530049,
              0.5778357
            ],
            [
              101.5307592,
              0.577374
            ],
            [
              101.5315373,
              0.5768704
            ],
            [
              101.5322704,
              0.5762488
            ],
            [
              101.5327784,
              0.5756253
            ],
            [
              101.5334882,
              0.5744266
            ],
            [
              101.5341405,
              0.5729464
            ],
            [
              101.5345498,
              0.5721609
            ],
            [
              101.5351303,
              0.5713743
            ],
            [
              101.5357127,
              0.5708446
            ],
            [
              101.5363786,
              0.5703204
            ],
            [
              101.537315,
              0.5698483
            ],
            [
              101.5382095,
              0.5694406
            ],
            [
              101.538986,
              0.5691904
            ],
            [
              101.5404185,
              0.5690692
            ],
            [
              101.5415738,
              0.5691358
            ],
            [
              101.5429839,
              0.5695341
            ],
            [
              101.5444441,
              0.5697645
            ],
            [
              101.5458302,
              0.569914
            ],
            [
              101.5468215,
              0.5703209
            ],
            [
              101.5475064,
              0.5707536
            ],
            [
              101.5480707,
              0.571268
            ],
            [
              101.5487978,
              0.5719793
            ],
            [
              101.5494538,
              0.572867
            ],
            [
              101.5498385,
              0.5738477
            ],
            [
              101.5499335,
              0.5746687
            ],
            [
              101.5500042,
              0.5754637
            ],
            [
              101.5501797,
              0.5761207
            ],
            [
              101.5505196,
              0.5766384
            ],
            [
              101.5512212,
              0.5768243
            ],
            [
              101.5521769,
              0.5769408
            ],
            [
              101.5531246,
              0.5771137
            ],
            [
              101.5562848,
              0.5765511
            ],
            [
              101.5574951,
              0.5759533
            ],
            [
              101.5581731,
              0.5755212
            ],
            [
              101.5595464,
              0.5743196
            ],
            [
              101.561778,
              0.5734614
            ],
            [
              101.5640096,
              0.5732897
            ],
            [
              101.5667561,
              0.5732897
            ],
            [
              101.5686907,
              0.573735
            ],
            [
              101.5697438,
              0.5742491
            ],
            [
              101.5705807,
              0.575154
            ],
            [
              101.5711349,
              0.5756521
            ],
            [
              101.5716049,
              0.5765795
            ],
            [
              101.5716329,
              0.5772633
            ],
            [
              101.5714556,
              0.5780478
            ],
            [
              101.5711292,
              0.5789375
            ],
            [
              101.5706191,
              0.5798232
            ],
            [
              101.5698884,
              0.5807578
            ],
            [
              101.5683547,
              0.5816255
            ],
            [
              101.5653078,
              0.5826985
            ],
            [
              101.5631513,
              0.5846188
            ],
            [
              101.5625345,
              0.5856866
            ],
            [
              101.5622929,
              0.5873652
            ],
            [
              101.5623717,
              0.588273
            ],
            [
              101.5626761,
              0.589129
            ],
            [
              101.5633872,
              0.590105
            ],
            [
              101.5643155,
              0.5910928
            ],
            [
              101.5652054,
              0.5919028
            ],
            [
              101.5662774,
              0.5925601
            ],
            [
              101.5669131,
              0.593061
            ],
            [
              101.5679578,
              0.5937164
            ],
            [
              101.5688455,
              0.5941745
            ],
            [
              101.5701262,
              0.5947037
            ],
            [
              101.5712357,
              0.5951462
            ],
            [
              101.5730218,
              0.5961396
            ],
            [
              101.5755628,
              0.5971257
            ],
            [
              101.5771149,
              0.5975391
            ],
            [
              101.5788195,
              0.5977842
            ],
            [
              101.5815875,
              0.5977842
            ],
            [
              101.5833471,
              0.5975911
            ],
            [
              101.5839948,
              0.5971747
            ],
            [
              101.5857932,
              0.5960248
            ],
            [
              101.5874941,
              0.5963578
            ],
            [
              101.5887637,
              0.5968545
            ],
            [
              101.5894623,
              0.5975613
            ],
            [
              101.5900203,
              0.5983522
            ],
            [
              101.590358,
              0.5989919
            ],
            [
              101.5907917,
              0.5997823
            ],
            [
              101.5912095,
              0.6008291
            ],
            [
              101.5919467,
              0.6027659
            ],
            [
              101.5922908,
              0.6065259
            ],
            [
              101.5925489,
              0.6073653
            ],
            [
              101.5919245,
              0.6075448
            ],
            [
              101.5917464,
              0.6076129
            ],
            [
              101.5916088,
              0.6076357
            ],
            [
              101.5914958,
              0.6076976
            ],
            [
              101.5914233,
              0.6077939
            ],
            [
              101.5914168,
              0.6079864
            ],
            [
              101.5914763,
              0.6082585
            ],
            [
              101.5915094,
              0.608441
            ],
            [
              101.5914863,
              0.6085141
            ],
            [
              101.5914434,
              0.6085572
            ],
            [
              101.5913742,
              0.6085672
            ],
            [
              101.5913016,
              0.6085639
            ],
            [
              101.5910936,
              0.6082919
            ],
            [
              101.5909649,
              0.6082488
            ],
            [
              101.5908758,
              0.6082455
            ],
            [
              101.5907241,
              0.6082854
            ],
            [
              101.5906713,
              0.6083352
            ],
            [
              101.590635,
              0.6084249
            ],
            [
              101.5906483,
              0.6086207
            ],
            [
              101.590872,
              0.6089778
            ],
            [
              101.5909183,
              0.6091139
            ],
            [
              101.5909282,
              0.6092433
            ],
            [
              101.5909019,
              0.6092931
            ],
            [
              101.5908524,
              0.6093098
            ],
            [
              101.5908029,
              0.6093098
            ],
            [
              101.5905817,
              0.6090875
            ],
            [
              101.5905091,
              0.6090643
            ],
            [
              101.5904498,
              0.609061
            ],
            [
              101.5904003,
              0.6090776
            ],
            [
              101.5902947,
              0.6091673
            ],
            [
              101.5902222,
              0.6092702
            ],
            [
              101.5901398,
              0.6093665
            ],
            [
              101.5900507,
              0.6094363
            ],
            [
              101.5899716,
              0.6094894
            ],
            [
              101.5899188,
              0.6095591
            ],
            [
              101.5899056,
              0.6096156
            ],
            [
              101.5899288,
              0.6096819
            ],
            [
              101.5900403,
              0.6097967
            ],
            [
              101.5900668,
              0.609873
            ],
            [
              101.5900371,
              0.6100091
            ],
            [
              101.5900075,
              0.610122
            ],
            [
              101.589958,
              0.6101984
            ],
            [
              101.589902,
              0.6102183
            ],
            [
              101.5898327,
              0.6102051
            ],
            [
              101.5896545,
              0.6101487
            ],
            [
              101.5895753,
              0.6101421
            ],
            [
              101.5892586,
              0.6101489
            ],
            [
              101.589186,
              0.6101921
            ],
            [
              101.5891036,
              0.6102851
            ],
            [
              101.589064,
              0.6103647
            ],
            [
              101.589064,
              0.6104212
            ],
            [
              101.5891036,
              0.6104776
            ],
            [
              101.5892588,
              0.6106069
            ],
            [
              101.5892852,
              0.6106799
            ],
            [
              101.5892852,
              0.6107198
            ],
            [
              101.589216,
              0.6107862
            ],
            [
              101.5890642,
              0.6108925
            ],
            [
              101.5889475,
              0.6110038
            ],
            [
              101.5888848,
              0.6110403
            ],
            [
              101.5888222,
              0.611047
            ],
            [
              101.5887792,
              0.6110237
            ],
            [
              101.5887594,
              0.6109839
            ],
            [
              101.5887594,
              0.6109242
            ],
            [
              101.5887791,
              0.6107649
            ],
            [
              101.5887758,
              0.6107317
            ],
            [
              101.5887428,
              0.6106985
            ],
            [
              101.58869,
              0.6106852
            ],
            [
              101.5885547,
              0.6107052
            ],
            [
              101.5882686,
              0.610762
            ],
            [
              101.5881537,
              0.6108135
            ],
            [
              101.5880517,
              0.6109924
            ],
            [
              101.5880022,
              0.6110335
            ],
            [
              101.5879497,
              0.6110423
            ],
            [
              101.5879031,
              0.6110423
            ],
            [
              101.5877806,
              0.610975
            ],
            [
              101.5877223,
              0.6109691
            ],
            [
              101.587664,
              0.6109838
            ],
            [
              101.5876262,
              0.6110366
            ],
            [
              101.5875941,
              0.6111011
            ],
            [
              101.5875417,
              0.6111452
            ],
            [
              101.587495,
              0.6111481
            ],
            [
              101.5874484,
              0.6111364
            ],
            [
              101.5874105,
              0.6110983
            ],
            [
              101.5873317,
              0.6110045
            ],
            [
              101.5872647,
              0.6109693
            ],
            [
              101.5872093,
              0.6109723
            ],
            [
              101.587151,
              0.6110075
            ],
            [
              101.587119,
              0.6110662
            ],
            [
              101.5870899,
              0.6111512
            ],
            [
              101.5870491,
              0.6111952
            ],
            [
              101.5869879,
              0.611207
            ],
            [
              101.5869266,
              0.6112012
            ],
            [
              101.5868596,
              0.6111543
            ],
            [
              101.586584,
              0.6109251
            ],
            [
              101.5863682,
              0.6108754
            ],
            [
              101.5862691,
              0.6108754
            ],
            [
              101.5861088,
              0.610899
            ],
            [
              101.5860243,
              0.6109753
            ],
            [
              101.5859835,
              0.6110427
            ],
            [
              101.5859806,
              0.6110926
            ],
            [
              101.586004,
              0.6111336
            ],
            [
              101.5860798,
              0.6111834
            ],
            [
              101.5861002,
              0.6112362
            ],
            [
              101.5861003,
              0.611289
            ],
            [
              101.5860799,
              0.6113447
            ],
            [
              101.5860332,
              0.6113741
            ],
            [
              101.5859866,
              0.6113741
            ],
            [
              101.5857971,
              0.6113214
            ],
            [
              101.5856776,
              0.6113039
            ],
            [
              101.585596,
              0.6113039
            ],
            [
              101.5854998,
              0.6113421
            ],
            [
              101.585424,
              0.6114066
            ],
            [
              101.585392,
              0.6114887
            ],
            [
              101.5853717,
              0.6116823
            ],
            [
              101.5853946,
              0.6119098
            ],
            [
              101.5855113,
              0.6121092
            ],
            [
              101.5855376,
              0.6122089
            ],
            [
              101.5855347,
              0.6122851
            ],
            [
              101.5855056,
              0.6123467
            ],
            [
              101.5854765,
              0.6124259
            ],
            [
              101.5854736,
              0.6125696
            ],
            [
              101.5854474,
              0.6126224
            ],
            [
              101.5853862,
              0.6126605
            ],
            [
              101.5853046,
              0.6126869
            ],
            [
              101.5852113,
              0.6126929
            ],
            [
              101.5850915,
              0.6127323
            ],
            [
              101.5850186,
              0.6128203
            ],
            [
              101.5849633,
              0.6128555
            ],
            [
              101.5848962,
              0.6128555
            ],
            [
              101.5848408,
              0.612835
            ],
            [
              101.5847942,
              0.6127647
            ],
            [
              101.5847737,
              0.6126943
            ],
            [
              101.5847183,
              0.6126709
            ],
            [
              101.5846659,
              0.6126738
            ],
            [
              101.5846076,
              0.6126944
            ],
            [
              101.5845493,
              0.6127648
            ],
            [
              101.5845027,
              0.6128469
            ],
            [
              101.5844473,
              0.6129027
            ],
            [
              101.5843891,
              0.6129408
            ],
            [
              101.584322,
              0.6129467
            ],
            [
              101.5842608,
              0.612935
            ],
            [
              101.5841792,
              0.6129057
            ],
            [
              101.5840871,
              0.6128798
            ],
            [
              101.5839938,
              0.6129004
            ],
            [
              101.5839181,
              0.6129503
            ],
            [
              101.5838948,
              0.6130031
            ],
            [
              101.5838715,
              0.6131263
            ],
            [
              101.5838657,
              0.613223
            ],
            [
              101.5838308,
              0.6132876
            ],
            [
              101.5837812,
              0.613314
            ],
            [
              101.5837346,
              0.6133081
            ],
            [
              101.5836005,
              0.6132554
            ],
            [
              101.5834984,
              0.6132291
            ],
            [
              101.5834081,
              0.6132262
            ],
            [
              101.5833673,
              0.6132409
            ],
            [
              101.5832973,
              0.6132849
            ],
            [
              101.5832507,
              0.6133641
            ],
            [
              101.5832246,
              0.6134785
            ],
            [
              101.5832072,
              0.6137629
            ],
            [
              101.5832043,
              0.6138773
            ],
            [
              101.5831694,
              0.6139477
            ],
            [
              101.5831199,
              0.6139799
            ],
            [
              101.5830732,
              0.61398
            ],
            [
              101.583012,
              0.6139683
            ],
            [
              101.5829245,
              0.6138774
            ],
            [
              101.5827553,
              0.6136194
            ],
            [
              101.5826853,
              0.6135432
            ],
            [
              101.5826299,
              0.6135198
            ],
            [
              101.5825658,
              0.6135169
            ],
            [
              101.5824288,
              0.6135785
            ],
            [
              101.5823064,
              0.6136842
            ],
            [
              101.5821652,
              0.613841
            ],
            [
              101.5820924,
              0.6139993
            ],
            [
              101.5820342,
              0.6143161
            ],
            [
              101.5819847,
              0.6143923
            ],
            [
              101.5819177,
              0.614451
            ],
            [
              101.5815476,
              0.6146447
            ],
            [
              101.5814398,
              0.6147152
            ],
            [
              101.581139,
              0.6150487
            ],
            [
              101.5809525,
              0.6151719
            ],
            [
              101.5807398,
              0.6153333
            ],
            [
              101.5806582,
              0.6154184
            ],
            [
              101.5805446,
              0.6156178
            ],
            [
              101.580463,
              0.6156853
            ],
            [
              101.5804076,
              0.6156912
            ],
            [
              101.5803523,
              0.6156883
            ],
            [
              101.5802881,
              0.615659
            ],
            [
              101.5798694,
              0.615378
            ],
            [
              101.5797178,
              0.6152989
            ],
            [
              101.5796624,
              0.6152931
            ],
            [
              101.5795604,
              0.6153254
            ],
            [
              101.579269,
              0.6155425
            ],
            [
              101.5791291,
              0.6156892
            ],
            [
              101.5790708,
              0.6157655
            ],
            [
              101.5790038,
              0.6158212
            ],
            [
              101.5789397,
              0.6158652
            ],
            [
              101.5788902,
              0.615918
            ],
            [
              101.5788611,
              0.6159738
            ],
            [
              101.5788611,
              0.616053
            ],
            [
              101.5788723,
              0.6161628
            ],
            [
              101.5788286,
              0.6162361
            ],
            [
              101.5787529,
              0.6162948
            ],
            [
              101.5785547,
              0.6164327
            ],
            [
              101.5784994,
              0.6165149
            ],
            [
              101.5784615,
              0.6166263
            ],
            [
              101.5784616,
              0.6166908
            ],
            [
              101.5785053,
              0.6167553
            ],
            [
              101.5785258,
              0.6168345
            ],
            [
              101.578517,
              0.6168697
            ],
            [
              101.5784762,
              0.6169137
            ],
            [
              101.5783009,
              0.6169944
            ],
            [
              101.5782047,
              0.6169915
            ],
            [
              101.5780764,
              0.6169505
            ],
            [
              101.5779802,
              0.6169418
            ],
            [
              101.5778811,
              0.6169418
            ],
            [
              101.5777878,
              0.6169859
            ],
            [
              101.5776625,
              0.6170915
            ],
            [
              101.5776101,
              0.6171619
            ],
            [
              101.5776101,
              0.6172411
            ],
            [
              101.5776306,
              0.6173994
            ],
            [
              101.5776219,
              0.6175314
            ],
            [
              101.5775695,
              0.6176018
            ],
            [
              101.5774938,
              0.6176839
            ],
            [
              101.5774151,
              0.6177191
            ],
            [
              101.5772093,
              0.6177485
            ],
            [
              101.5771115,
              0.6177293
            ],
            [
              101.5770061,
              0.6177244
            ],
            [
              101.5769012,
              0.6177493
            ],
            [
              101.5767948,
              0.6177632
            ],
            [
              101.5766879,
              0.6177564
            ],
            [
              101.5765886,
              0.6177165
            ],
            [
              101.5764853,
              0.6176922
            ],
            [
              101.5763789,
              0.6177069
            ],
            [
              101.5762787,
              0.6177468
            ],
            [
              101.576191,
              0.617804
            ],
            [
              101.5761063,
              0.6180024
            ],
            [
              101.5760285,
              0.6180705
            ],
            [
              101.575921,
              0.6180772
            ],
            [
              101.5758209,
              0.6181152
            ],
            [
              101.5757505,
              0.6181916
            ],
            [
              101.5757426,
              0.6182979
            ],
            [
              101.5757625,
              0.6184045
            ],
            [
              101.5757546,
              0.618511
            ],
            [
              101.5756401,
              0.6186948
            ],
            [
              101.5755731,
              0.6187783
            ],
            [
              101.5754908,
              0.6188458
            ],
            [
              101.5753846,
              0.6188346
            ],
            [
              101.5751805,
              0.618765
            ],
            [
              101.5750761,
              0.6187394
            ],
            [
              101.5749706,
              0.6187437
            ],
            [
              101.5748695,
              0.6187813
            ],
            [
              101.574764,
              0.6187861
            ],
            [
              101.5746566,
              0.6187771
            ],
            [
              101.5745546,
              0.6187934
            ],
            [
              101.5745211,
              0.618895
            ],
            [
              101.5745383,
              0.6189993
            ],
            [
              101.5745707,
              0.6191027
            ],
            [
              101.5745621,
              0.6193194
            ],
            [
              101.5744779,
              0.6193505
            ],
            [
              101.5743713,
              0.6193393
            ],
            [
              101.5742648,
              0.6193226
            ],
            [
              101.5741597,
              0.6193356
            ],
            [
              101.5739519,
              0.6193912
            ],
            [
              101.5738605,
              0.6194488
            ],
            [
              101.5737878,
              0.6195264
            ],
            [
              101.5737511,
              0.6196266
            ],
            [
              101.573798,
              0.6197171
            ],
            [
              101.5738976,
              0.6197559
            ],
            [
              101.5740031,
              0.6197777
            ],
            [
              101.5741008,
              0.6198175
            ],
            [
              101.5741598,
              0.6199062
            ],
            [
              101.5741773,
              0.6200122
            ],
            [
              101.5741614,
              0.6202283
            ],
            [
              101.5741225,
              0.6203282
            ],
            [
              101.5740539,
              0.6204111
            ],
            [
              101.5739748,
              0.6204835
            ],
            [
              101.5738823,
              0.620539
            ],
            [
              101.573781,
              0.6205749
            ],
            [
              101.5730624,
              0.6208054
            ],
            [
              101.5728689,
              0.6208984
            ],
            [
              101.5728086,
              0.6209883
            ],
            [
              101.5727718,
              0.6210892
            ],
            [
              101.5727129,
              0.6212977
            ],
            [
              101.5726673,
              0.621396
            ],
            [
              101.5725604,
              0.6215836
            ],
            [
              101.5725484,
              0.6216906
            ],
            [
              101.5725706,
              0.6217957
            ],
            [
              101.572641,
              0.6218759
            ],
            [
              101.5727945,
              0.6220281
            ],
            [
              101.5728218,
              0.6221237
            ],
            [
              101.572747,
              0.6222002
            ],
            [
              101.5726504,
              0.6222452
            ],
            [
              101.5725433,
              0.6222568
            ],
            [
              101.5724358,
              0.6222599
            ],
            [
              101.5722204,
              0.6222552
            ],
            [
              101.5721523,
              0.6223187
            ],
            [
              101.5721375,
              0.6224258
            ],
            [
              101.5720339,
              0.622734
            ],
            [
              101.572021,
              0.6228174
            ],
            [
              101.5720215,
              0.6228412
            ],
            [
              101.5720354,
              0.622941
            ],
            [
              101.5721325,
              0.6229818
            ],
            [
              101.5723474,
              0.6229927
            ],
            [
              101.5724535,
              0.6230054
            ],
            [
              101.5724938,
              0.623092
            ],
            [
              101.5724904,
              0.6232002
            ],
            [
              101.5724567,
              0.623414
            ],
            [
              101.5723844,
              0.6234899
            ],
            [
              101.5721735,
              0.6234828
            ],
            [
              101.5720667,
              0.623497
            ],
            [
              101.5719723,
              0.6235438
            ],
            [
              101.5719191,
              0.6236366
            ],
            [
              101.5719339,
              0.6237392
            ],
            [
              101.571999,
              0.6238248
            ],
            [
              101.5720845,
              0.6238908
            ],
            [
              101.572153,
              0.6239739
            ],
            [
              101.5721758,
              0.6240768
            ],
            [
              101.572142,
              0.6241786
            ],
            [
              101.572079,
              0.6242657
            ],
            [
              101.5719882,
              0.6243173
            ],
            [
              101.5718871,
              0.6243464
            ],
            [
              101.5718149,
              0.6244257
            ],
            [
              101.5717739,
              0.6245251
            ],
            [
              101.5717572,
              0.6246319
            ],
            [
              101.5717496,
              0.6247396
            ],
            [
              101.5717791,
              0.6248421
            ],
            [
              101.5718216,
              0.6249392
            ],
            [
              101.5717963,
              0.6250432
            ],
            [
              101.5717076,
              0.6251022
            ],
            [
              101.5716061,
              0.6251374
            ],
            [
              101.5715019,
              0.6251649
            ],
            [
              101.5714499,
              0.6252561
            ],
            [
              101.5714396,
              0.6253625
            ],
            [
              101.5714667,
              0.625467
            ],
            [
              101.5715217,
              0.6255597
            ],
            [
              101.5715889,
              0.6256443
            ],
            [
              101.571673,
              0.6257113
            ],
            [
              101.5717706,
              0.6257573
            ],
            [
              101.5718744,
              0.6257794
            ],
            [
              101.5719819,
              0.6257875
            ],
            [
              101.5720788,
              0.6258276
            ],
            [
              101.5721524,
              0.6259055
            ],
            [
              101.5722636,
              0.6260913
            ],
            [
              101.5723011,
              0.6261927
            ],
            [
              101.572357,
              0.6262807
            ],
            [
              101.5724391,
              0.626351
            ],
            [
              101.5724783,
              0.6264507
            ],
            [
              101.5725132,
              0.6265533
            ],
            [
              101.5725378,
              0.6266586
            ],
            [
              101.5725147,
              0.6267599
            ],
            [
              101.5724305,
              0.6268276
            ],
            [
              101.5723261,
              0.6268453
            ],
            [
              101.5722184,
              0.6268412
            ],
            [
              101.5721121,
              0.6268433
            ],
            [
              101.5720559,
              0.6269285
            ],
            [
              101.5720175,
              0.6270298
            ],
            [
              101.5719608,
              0.6271199
            ],
            [
              101.5718884,
              0.6272001
            ],
            [
              101.5718479,
              0.6272982
            ],
            [
              101.5719036,
              0.6273799
            ],
            [
              101.5720028,
              0.627418
            ],
            [
              101.5721091,
              0.6274354
            ],
            [
              101.5722083,
              0.6274756
            ],
            [
              101.5722996,
              0.6275308
            ],
            [
              101.5723728,
              0.6276099
            ],
            [
              101.5724321,
              0.6277005
            ],
            [
              101.5724959,
              0.6277872
            ],
            [
              101.5725944,
              0.6278179
            ],
            [
              101.572702,
              0.6278147
            ],
            [
              101.5727451,
              0.6278833
            ],
            [
              101.5727362,
              0.6279913
            ],
            [
              101.5726828,
              0.6280807
            ],
            [
              101.5726124,
              0.6281627
            ],
            [
              101.5725708,
              0.6282603
            ],
            [
              101.5725786,
              0.6283671
            ],
            [
              101.5726163,
              0.6284668
            ],
            [
              101.5726807,
              0.6285533
            ],
            [
              101.572758,
              0.6286273
            ],
            [
              101.5728505,
              0.6286828
            ],
            [
              101.5729482,
              0.6287264
            ],
            [
              101.5734668,
              0.6288732
            ],
            [
              101.5735674,
              0.6289106
            ],
            [
              101.5736421,
              0.6289869
            ],
            [
              101.5737599,
              0.6291684
            ],
            [
              101.5738108,
              0.6292637
            ],
            [
              101.5739003,
              0.629461
            ],
            [
              101.573935,
              0.6295635
            ],
            [
              101.5740264,
              0.6298755
            ],
            [
              101.5741012,
              0.630192
            ],
            [
              101.5741205,
              0.6302985
            ],
            [
              101.5741107,
              0.6304048
            ],
            [
              101.5740235,
              0.6307181
            ],
            [
              101.5739868,
              0.6308192
            ],
            [
              101.5739318,
              0.6309125
            ],
            [
              101.573863,
              0.630993
            ],
            [
              101.5737665,
              0.6310313
            ],
            [
              101.573659,
              0.6310392
            ],
            [
              101.5735542,
              0.6310618
            ],
            [
              101.5734559,
              0.631105
            ],
            [
              101.57342,
              0.6312011
            ],
            [
              101.5734163,
              0.6313095
            ],
            [
              101.5734191,
              0.6314177
            ],
            [
              101.5734321,
              0.631525
            ],
            [
              101.5735632,
              0.6319383
            ],
            [
              101.5735854,
              0.6320441
            ],
            [
              101.5735925,
              0.6321513
            ],
            [
              101.5735473,
              0.6322476
            ],
            [
              101.5734118,
              0.6324162
            ],
            [
              101.5733595,
              0.6325092
            ],
            [
              101.5733245,
              0.6326118
            ],
            [
              101.5733236,
              0.6327185
            ],
            [
              101.5733596,
              0.6328201
            ],
            [
              101.5735012,
              0.6329798
            ],
            [
              101.5735312,
              0.6331944
            ],
            [
              101.5735424,
              0.633302
            ],
            [
              101.5735369,
              0.6334103
            ],
            [
              101.5735196,
              0.6335172
            ],
            [
              101.573495,
              0.6336227
            ],
            [
              101.5734647,
              0.6337267
            ],
            [
              101.5733838,
              0.6339278
            ],
            [
              101.5728042,
              0.6350911
            ],
            [
              101.5725339,
              0.6355601
            ],
            [
              101.5724736,
              0.6356497
            ],
            [
              101.5722769,
              0.6359079
            ],
            [
              101.5722023,
              0.6359859
            ],
            [
              101.5718174,
              0.6363653
            ],
            [
              101.5717474,
              0.6364475
            ],
            [
              101.5716856,
              0.6365357
            ],
            [
              101.5716429,
              0.6366352
            ],
            [
              101.5716157,
              0.6367401
            ],
            [
              101.5715468,
              0.6371683
            ],
            [
              101.5715221,
              0.6372736
            ],
            [
              101.5714896,
              0.6373769
            ],
            [
              101.5714487,
              0.637477
            ],
            [
              101.571389,
              0.6375664
            ],
            [
              101.5713142,
              0.6376439
            ],
            [
              101.5711524,
              0.6377872
            ],
            [
              101.5710757,
              0.6378633
            ],
            [
              101.5706246,
              0.6383294
            ],
            [
              101.5703027,
              0.6386178
            ],
            [
              101.5702143,
              0.6386794
            ],
            [
              101.5700327,
              0.638796
            ],
            [
              101.5698359,
              0.6388824
            ],
            [
              101.5697293,
              0.6388732
            ],
            [
              101.5696233,
              0.638854
            ],
            [
              101.5695184,
              0.6388487
            ],
            [
              101.5694306,
              0.6389086
            ],
            [
              101.5693473,
              0.6389768
            ],
            [
              101.5692444,
              0.638999
            ],
            [
              101.5691407,
              0.6389768
            ],
            [
              101.5690632,
              0.638992
            ],
            [
              101.5690031,
              0.6390777
            ],
            [
              101.5689093,
              0.6391304
            ],
            [
              101.5688128,
              0.6391784
            ],
            [
              101.5685126,
              0.639299
            ],
            [
              101.5684144,
              0.6393435
            ],
            [
              101.5681256,
              0.6394894
            ],
            [
              101.5678465,
              0.6396533
            ],
            [
              101.5675785,
              0.6398352
            ],
            [
              101.5674855,
              0.6398893
            ],
            [
              101.5672745,
              0.6399246
            ],
            [
              101.5671695,
              0.6399315
            ],
            [
              101.5670998,
              0.63986
            ],
            [
              101.567078,
              0.639756
            ],
            [
              101.566984,
              0.6397044
            ],
            [
              101.5668775,
              0.6396886
            ],
            [
              101.5668017,
              0.6396156
            ],
            [
              101.5667096,
              0.6395661
            ],
            [
              101.566639,
              0.6396421
            ],
            [
              101.5665985,
              0.6397426
            ],
            [
              101.56655,
              0.6398387
            ],
            [
              101.5664219,
              0.640013
            ],
            [
              101.5663707,
              0.6401081
            ],
            [
              101.5663237,
              0.6402057
            ],
            [
              101.5662549,
              0.640286
            ],
            [
              101.5661619,
              0.6403375
            ],
            [
              101.5660587,
              0.6403655
            ],
            [
              101.5659512,
              0.6403723
            ],
            [
              101.565844,
              0.6403725
            ],
            [
              101.5656318,
              0.6403352
            ],
            [
              101.5655304,
              0.6402986
            ],
            [
              101.565246,
              0.6401445
            ],
            [
              101.5651624,
              0.6400771
            ],
            [
              101.5650881,
              0.64
            ],
            [
              101.564985,
              0.6400056
            ],
            [
              101.5648868,
              0.64005
            ],
            [
              101.5647852,
              0.6400343
            ],
            [
              101.5645871,
              0.6399488
            ],
            [
              101.5644836,
              0.6399432
            ],
            [
              101.5643823,
              0.6399801
            ],
            [
              101.5642775,
              0.6399994
            ],
            [
              101.56417,
              0.640001
            ],
            [
              101.5640635,
              0.6399844
            ],
            [
              101.5639565,
              0.6399751
            ],
            [
              101.5638498,
              0.6399848
            ],
            [
              101.5634281,
              0.6400743
            ],
            [
              101.5633211,
              0.6400834
            ],
            [
              101.5632135,
              0.6400844
            ],
            [
              101.5631061,
              0.640075
            ],
            [
              101.5630034,
              0.6400428
            ],
            [
              101.5629042,
              0.6400022
            ],
            [
              101.5628128,
              0.6399448
            ],
            [
              101.5627354,
              0.6398707
            ],
            [
              101.5626653,
              0.6397886
            ],
            [
              101.5625663,
              0.6395959
            ],
            [
              101.5624734,
              0.6395463
            ],
            [
              101.5623746,
              0.6395029
            ],
            [
              101.5622952,
              0.6394313
            ],
            [
              101.5622304,
              0.6393453
            ],
            [
              101.5621898,
              0.6392456
            ],
            [
              101.5621717,
              0.6391391
            ],
            [
              101.5621674,
              0.6390309
            ],
            [
              101.5621684,
              0.6387055
            ],
            [
              101.5622061,
              0.6386092
            ],
            [
              101.5622762,
              0.638531
            ],
            [
              101.5622745,
              0.6384297
            ],
            [
              101.5622335,
              0.6383294
            ],
            [
              101.5622083,
              0.6382253
            ],
            [
              101.5621835,
              0.6379009
            ],
            [
              101.5621572,
              0.6377966
            ],
            [
              101.5620846,
              0.6377164
            ],
            [
              101.5620315,
              0.6376251
            ],
            [
              101.5619934,
              0.6375241
            ],
            [
              101.5619305,
              0.637437
            ],
            [
              101.5618461,
              0.6373715
            ],
            [
              101.5617476,
              0.6373299
            ],
            [
              101.5616433,
              0.6373042
            ],
            [
              101.5615356,
              0.6373003
            ],
            [
              101.561441,
              0.6373481
            ],
            [
              101.5613474,
              0.6374011
            ],
            [
              101.5612424,
              0.6374257
            ],
            [
              101.5611681,
              0.6373631
            ],
            [
              101.5611554,
              0.6372554
            ],
            [
              101.5610967,
              0.6371678
            ],
            [
              101.561003,
              0.6371203
            ],
            [
              101.5608954,
              0.6371237
            ],
            [
              101.5606917,
              0.6371924
            ],
            [
              101.5605844,
              0.6371957
            ],
            [
              101.5604791,
              0.6371762
            ],
            [
              101.5604042,
              0.6371044
            ],
            [
              101.5603182,
              0.6370426
            ],
            [
              101.5591811,
              0.6367066
            ],
            [
              101.5588829,
              0.6365812
            ],
            [
              101.5587812,
              0.6365459
            ],
            [
              101.5586753,
              0.636535
            ],
            [
              101.5585782,
              0.6365816
            ],
            [
              101.5584767,
              0.6366161
            ],
            [
              101.5583711,
              0.6366349
            ],
            [
              101.5582635,
              0.6366388
            ],
            [
              101.5581562,
              0.6366281
            ],
            [
              101.5580545,
              0.6365935
            ],
            [
              101.5579629,
              0.6365366
            ],
            [
              101.5576207,
              0.6362728
            ],
            [
              101.5575184,
              0.6362415
            ],
            [
              101.5572055,
              0.6361598
            ],
            [
              101.5570989,
              0.6361534
            ],
            [
              101.5569912,
              0.6361559
            ],
            [
              101.5568851,
              0.6361706
            ],
            [
              101.5567809,
              0.636198
            ],
            [
              101.5566811,
              0.6362378
            ],
            [
              101.5565837,
              0.6362842
            ],
            [
              101.5564911,
              0.6363392
            ],
            [
              101.5560388,
              0.6366337
            ],
            [
              101.555849,
              0.6367364
            ],
            [
              101.5557491,
              0.6367758
            ],
            [
              101.555544,
              0.6368425
            ],
            [
              101.5554385,
              0.6368586
            ],
            [
              101.5553308,
              0.6368616
            ],
            [
              101.5552233,
              0.6368579
            ],
            [
              101.5551158,
              0.6368503
            ],
            [
              101.5550099,
              0.636831
            ],
            [
              101.55491,
              0.6367931
            ],
            [
              101.554718,
              0.6366946
            ],
            [
              101.5546187,
              0.636653
            ],
            [
              101.5545175,
              0.6366159
            ],
            [
              101.5544142,
              0.6365858
            ],
            [
              101.5539929,
              0.6364945
            ],
            [
              101.5535769,
              0.6363813
            ],
            [
              101.5533621,
              0.6363645
            ],
            [
              101.5532635,
              0.6363262
            ],
            [
              101.5531687,
              0.6362746
            ],
            [
              101.5530707,
              0.6362307
            ],
            [
              101.5529678,
              0.6361985
            ],
            [
              101.5528609,
              0.6362078
            ],
            [
              101.5525461,
              0.6362806
            ],
            [
              101.5524406,
              0.6363005
            ],
            [
              101.55201,
              0.6363179
            ],
            [
              101.5519083,
              0.6362907
            ],
            [
              101.5518351,
              0.636215
            ],
            [
              101.5518143,
              0.6361086
            ],
            [
              101.5517762,
              0.6360081
            ],
            [
              101.5517117,
              0.6359228
            ],
            [
              101.5516124,
              0.6359149
            ],
            [
              101.5514404,
              0.6360452
            ],
            [
              101.5513631,
              0.6361207
            ],
            [
              101.5512901,
              0.6361996
            ],
            [
              101.5512445,
              0.6362971
            ],
            [
              101.551194,
              0.636508
            ],
            [
              101.5511635,
              0.6366116
            ],
            [
              101.5511189,
              0.6367104
            ],
            [
              101.551067,
              0.6368043
            ],
            [
              101.5508525,
              0.6370476
            ],
            [
              101.5506577,
              0.6373072
            ],
            [
              101.5505876,
              0.6373894
            ],
            [
              101.5505132,
              0.6374677
            ],
            [
              101.5503386,
              0.6375948
            ],
            [
              101.5501483,
              0.6376962
            ],
            [
              101.5500505,
              0.6377413
            ],
            [
              101.5498478,
              0.6378145
            ],
            [
              101.5495337,
              0.6378909
            ],
            [
              101.5493298,
              0.6379606
            ],
            [
              101.5491329,
              0.6380489
            ],
            [
              101.5490462,
              0.6381102
            ],
            [
              101.5490705,
              0.6382106
            ],
            [
              101.549119,
              0.6383074
            ],
            [
              101.5491437,
              0.638412
            ],
            [
              101.5491096,
              0.6385147
            ],
            [
              101.5489756,
              0.6386841
            ],
            [
              101.5489255,
              0.6387781
            ],
            [
              101.5489604,
              0.6388797
            ],
            [
              101.549035,
              0.6389574
            ],
            [
              101.5490538,
              0.6390593
            ],
            [
              101.5490666,
              0.6391655
            ],
            [
              101.5491575,
              0.6393622
            ],
            [
              101.5491629,
              0.6394703
            ],
            [
              101.5490957,
              0.6395385
            ],
            [
              101.5489917,
              0.6395644
            ],
            [
              101.5488911,
              0.6396034
            ],
            [
              101.5488016,
              0.6396623
            ],
            [
              101.5487227,
              0.639735
            ],
            [
              101.5486808,
              0.6398292
            ],
            [
              101.5487202,
              0.6399292
            ],
            [
              101.5487152,
              0.6400312
            ],
            [
              101.5486628,
              0.6401251
            ],
            [
              101.5486331,
              0.64034
            ],
            [
              101.5485898,
              0.6404381
            ],
            [
              101.5485291,
              0.6405245
            ],
            [
              101.5484259,
              0.6405201
            ],
            [
              101.5483374,
              0.6404604
            ],
            [
              101.5482531,
              0.6403938
            ],
            [
              101.5481584,
              0.6403422
            ],
            [
              101.548057,
              0.6403065
            ],
            [
              101.5479524,
              0.6402831
            ],
            [
              101.5478449,
              0.6402754
            ],
            [
              101.547738,
              0.6402857
            ],
            [
              101.5476538,
              0.6403475
            ],
            [
              101.5476086,
              0.6404459
            ],
            [
              101.547544,
              0.6405293
            ],
            [
              101.5474374,
              0.6405455
            ],
            [
              101.5472239,
              0.6405238
            ],
            [
              101.5471164,
              0.640531
            ],
            [
              101.5470852,
              0.6406276
            ],
            [
              101.5470958,
              0.640735
            ],
            [
              101.5471132,
              0.6408421
            ],
            [
              101.5471052,
              0.6409473
            ],
            [
              101.5470079,
              0.6409789
            ],
            [
              101.5469074,
              0.6409478
            ],
            [
              101.5468032,
              0.640939
            ],
            [
              101.5467013,
              0.6409741
            ],
            [
              101.5466393,
              0.6410512
            ],
            [
              101.5466741,
              0.6411439
            ],
            [
              101.5467466,
              0.6412242
            ],
            [
              101.5467012,
              0.6413124
            ],
            [
              101.5466222,
              0.6413862
            ],
            [
              101.546526,
              0.6414279
            ],
            [
              101.5464192,
              0.6414356
            ],
            [
              101.5463449,
              0.6414923
            ],
            [
              101.5463426,
              0.6415972
            ],
            [
              101.5464014,
              0.6416787
            ],
            [
              101.5465084,
              0.641677
            ],
            [
              101.5466053,
              0.6417091
            ],
            [
              101.5466694,
              0.6417954
            ],
            [
              101.546713,
              0.6418938
            ],
            [
              101.5466499,
              0.6419579
            ],
            [
              101.5465497,
              0.6419418
            ],
            [
              101.5464628,
              0.6418784
            ],
            [
              101.5463859,
              0.6418034
            ],
            [
              101.5462863,
              0.6418161
            ],
            [
              101.5462427,
              0.6419019
            ],
            [
              101.5462883,
              0.6419972
            ],
            [
              101.5463294,
              0.6420956
            ],
            [
              101.5463416,
              0.6422024
            ],
            [
              101.5463261,
              0.6423095
            ],
            [
              101.5462812,
              0.6425216
            ],
            [
              101.5462678,
              0.642629
            ],
            [
              101.5462601,
              0.6427372
            ],
            [
              101.5462479,
              0.6428444
            ],
            [
              101.5461743,
              0.6428927
            ],
            [
              101.5460918,
              0.6428391
            ],
            [
              101.5460911,
              0.6427308
            ],
            [
              101.5460445,
              0.6426345
            ],
            [
              101.5459496,
              0.6426061
            ],
            [
              101.5458621,
              0.6426611
            ],
            [
              101.5458441,
              0.6427664
            ],
            [
              101.5458725,
              0.6428678
            ],
            [
              101.5459111,
              0.6429684
            ],
            [
              101.5458988,
              0.6432925
            ],
            [
              101.54592,
              0.6433988
            ],
            [
              101.5459558,
              0.643501
            ],
            [
              101.5459779,
              0.6436046
            ],
            [
              101.5459653,
              0.6437124
            ],
            [
              101.5459843,
              0.6438142
            ],
            [
              101.5460298,
              0.6439121
            ],
            [
              101.5460608,
              0.644016
            ],
            [
              101.5460844,
              0.6441181
            ],
            [
              101.5459948,
              0.6441762
            ],
            [
              101.5459081,
              0.6442392
            ],
            [
              101.545828,
              0.6443117
            ],
            [
              101.5457386,
              0.6443587
            ],
            [
              101.5456354,
              0.6443329
            ],
            [
              101.5455578,
              0.6443812
            ],
            [
              101.5455509,
              0.6444861
            ],
            [
              101.5455547,
              0.6445942
            ],
            [
              101.5455148,
              0.6446874
            ],
            [
              101.54543,
              0.6447465
            ],
            [
              101.545391,
              0.644847
            ],
            [
              101.5453679,
              0.6449509
            ],
            [
              101.5452637,
              0.6449685
            ],
            [
              101.5451561,
              0.6449619
            ],
            [
              101.5450556,
              0.6449914
            ],
            [
              101.5449716,
              0.6450562
            ],
            [
              101.5449413,
              0.6451597
            ],
            [
              101.5449193,
              0.6452659
            ],
            [
              101.5448918,
              0.6453706
            ],
            [
              101.5448588,
              0.6454739
            ],
            [
              101.5447785,
              0.6455054
            ],
            [
              101.5446879,
              0.6454482
            ],
            [
              101.5446167,
              0.645516
            ],
            [
              101.5446344,
              0.645623
            ],
            [
              101.544677,
              0.6457225
            ],
            [
              101.5448148,
              0.6458873
            ],
            [
              101.5448502,
              0.6459891
            ],
            [
              101.5449397,
              0.6460356
            ],
            [
              101.5449196,
              0.6461346
            ],
            [
              101.5448285,
              0.6461901
            ],
            [
              101.5447975,
              0.646294
            ],
            [
              101.5447134,
              0.6463534
            ],
            [
              101.5446419,
              0.6464285
            ],
            [
              101.5445957,
              0.6465259
            ],
            [
              101.5445387,
              0.6466178
            ],
            [
              101.5445217,
              0.6467227
            ],
            [
              101.5445357,
              0.6468285
            ],
            [
              101.5446048,
              0.6469094
            ],
            [
              101.5446974,
              0.6469634
            ],
            [
              101.5447955,
              0.6470052
            ],
            [
              101.5448619,
              0.6470882
            ],
            [
              101.5448567,
              0.6471926
            ],
            [
              101.5448024,
              0.6472848
            ],
            [
              101.5445672,
              0.6475079
            ],
            [
              101.5444835,
              0.6475735
            ],
            [
              101.544388,
              0.6475394
            ],
            [
              101.5442942,
              0.6475584
            ],
            [
              101.5442565,
              0.6476574
            ],
            [
              101.5442223,
              0.6478704
            ],
            [
              101.544147,
              0.647948
            ],
            [
              101.544087,
              0.6480361
            ],
            [
              101.5440971,
              0.6481357
            ],
            [
              101.5441449,
              0.648232
            ],
            [
              101.5442113,
              0.6483174
            ],
            [
              101.5442665,
              0.6484095
            ],
            [
              101.5442047,
              0.6484833
            ],
            [
              101.5441051,
              0.6485248
            ],
            [
              101.5440667,
              0.6486199
            ],
            [
              101.5441382,
              0.6486863
            ],
            [
              101.5441589,
              0.6487889
            ],
            [
              101.5441631,
              0.6488973
            ],
            [
              101.5441435,
              0.6490016
            ],
            [
              101.5440733,
              0.6490819
            ],
            [
              101.5440046,
              0.6490445
            ],
            [
              101.5439294,
              0.6489708
            ],
            [
              101.5438366,
              0.6490013
            ],
            [
              101.5437695,
              0.6490841
            ],
            [
              101.5437306,
              0.6491853
            ],
            [
              101.5437343,
              0.6492932
            ],
            [
              101.5438246,
              0.6494863
            ],
            [
              101.543818,
              0.6500285
            ],
            [
              101.5438234,
              0.6501367
            ],
            [
              101.5438381,
              0.6502436
            ],
            [
              101.5438762,
              0.6503451
            ],
            [
              101.5439222,
              0.6504424
            ],
            [
              101.5439899,
              0.6505257
            ],
            [
              101.544031,
              0.6506118
            ],
            [
              101.5439567,
              0.6506882
            ],
            [
              101.5438528,
              0.6507052
            ],
            [
              101.5437594,
              0.6506561
            ],
            [
              101.5436573,
              0.6506681
            ],
            [
              101.5436046,
              0.6507574
            ],
            [
              101.5435849,
              0.6508634
            ],
            [
              101.5435985,
              0.6510799
            ],
            [
              101.5435928,
              0.651188
            ],
            [
              101.5434788,
              0.6514922
            ],
            [
              101.5434314,
              0.6515891
            ],
            [
              101.5433768,
              0.6516827
            ],
            [
              101.5433064,
              0.6517638
            ],
            [
              101.543211,
              0.6518099
            ],
            [
              101.5431064,
              0.6518357
            ],
            [
              101.5430068,
              0.6518764
            ],
            [
              101.5429086,
              0.6519209
            ],
            [
              101.5428209,
              0.6519817
            ],
            [
              101.5427489,
              0.652062
            ],
            [
              101.5426816,
              0.6521467
            ],
            [
              101.54253,
              0.6522996
            ],
            [
              101.5424675,
              0.6523876
            ],
            [
              101.5424307,
              0.6524895
            ],
            [
              101.5424335,
              0.6525953
            ],
            [
              101.5425123,
              0.6527972
            ],
            [
              101.5425483,
              0.6528992
            ],
            [
              101.5425621,
              0.6530059
            ],
            [
              101.5425224,
              0.6531044
            ],
            [
              101.5423708,
              0.6532582
            ],
            [
              101.54231,
              0.6533478
            ],
            [
              101.5422874,
              0.653449
            ],
            [
              101.5422971,
              0.653556
            ],
            [
              101.5422563,
              0.6536564
            ],
            [
              101.5421906,
              0.6537417
            ],
            [
              101.5421193,
              0.6538224
            ],
            [
              101.5420307,
              0.6538842
            ],
            [
              101.541973,
              0.6539678
            ],
            [
              101.5419619,
              0.6540748
            ],
            [
              101.5419424,
              0.6541747
            ],
            [
              101.5418445,
              0.6542191
            ],
            [
              101.5417949,
              0.654305
            ],
            [
              101.5417924,
              0.6544131
            ],
            [
              101.5418149,
              0.6545189
            ],
            [
              101.5418919,
              0.6545947
            ],
            [
              101.541949,
              0.6546835
            ],
            [
              101.5419068,
              0.654781
            ],
            [
              101.5418466,
              0.6548709
            ],
            [
              101.5417814,
              0.6550717
            ],
            [
              101.5417265,
              0.6551651
            ],
            [
              101.5417438,
              0.6553788
            ],
            [
              101.5417287,
              0.655485
            ],
            [
              101.5416554,
              0.6555622
            ],
            [
              101.5415622,
              0.6556166
            ],
            [
              101.5415124,
              0.6557103
            ],
            [
              101.5415395,
              0.65581
            ],
            [
              101.5415844,
              0.6559082
            ],
            [
              101.5416069,
              0.6560128
            ],
            [
              101.5415794,
              0.6561122
            ],
            [
              101.541489,
              0.6561619
            ],
            [
              101.5411793,
              0.6560696
            ],
            [
              101.5410735,
              0.6560496
            ],
            [
              101.5409717,
              0.6560717
            ],
            [
              101.5408851,
              0.6561363
            ],
            [
              101.5407821,
              0.656168
            ],
            [
              101.5406871,
              0.6562142
            ],
            [
              101.5406478,
              0.6563109
            ],
            [
              101.540662,
              0.6564176
            ],
            [
              101.540743,
              0.6564802
            ],
            [
              101.5407587,
              0.6565784
            ],
            [
              101.5406578,
              0.6566116
            ],
            [
              101.5405509,
              0.6565984
            ],
            [
              101.5404439,
              0.6566074
            ],
            [
              101.5403602,
              0.6566648
            ],
            [
              101.5403471,
              0.6567715
            ],
            [
              101.5403584,
              0.6568787
            ],
            [
              101.5404187,
              0.6569661
            ],
            [
              101.5404718,
              0.6570569
            ],
            [
              101.5404697,
              0.6571621
            ],
            [
              101.5403965,
              0.6572392
            ],
            [
              101.5403042,
              0.6572952
            ],
            [
              101.5401334,
              0.6574272
            ],
            [
              101.5400607,
              0.6575062
            ],
            [
              101.5399957,
              0.6575926
            ],
            [
              101.5399614,
              0.6576933
            ],
            [
              101.5399955,
              0.6577949
            ],
            [
              101.5400362,
              0.6578954
            ],
            [
              101.5400594,
              0.6579989
            ],
            [
              101.5400279,
              0.6581
            ],
            [
              101.5399485,
              0.6581722
            ],
            [
              101.539875,
              0.6582507
            ],
            [
              101.5398161,
              0.6583411
            ],
            [
              101.5397648,
              0.6584365
            ],
            [
              101.539744,
              0.6585392
            ],
            [
              101.539789,
              0.6586357
            ],
            [
              101.5398592,
              0.6587179
            ],
            [
              101.5399131,
              0.6588118
            ],
            [
              101.5399066,
              0.6589141
            ],
            [
              101.5398437,
              0.6589999
            ],
            [
              101.5397468,
              0.6590341
            ],
            [
              101.5396424,
              0.6590126
            ],
            [
              101.5395582,
              0.6589455
            ],
            [
              101.5394894,
              0.6588621
            ],
            [
              101.5394166,
              0.6587825
            ],
            [
              101.539338,
              0.6587083
            ],
            [
              101.5392473,
              0.65865
            ],
            [
              101.5391476,
              0.6586111
            ],
            [
              101.5390424,
              0.6585926
            ],
            [
              101.5389347,
              0.65859
            ],
            [
              101.5387204,
              0.6586128
            ],
            [
              101.5385085,
              0.6586474
            ],
            [
              101.5384024,
              0.6586288
            ],
            [
              101.5382952,
              0.6586327
            ],
            [
              101.5382065,
              0.6586853
            ],
            [
              101.5382075,
              0.6587924
            ],
            [
              101.5382804,
              0.6589948
            ],
            [
              101.5383107,
              0.6590988
            ],
            [
              101.5383626,
              0.6591926
            ],
            [
              101.538423,
              0.6592822
            ],
            [
              101.5384541,
              0.6593861
            ],
            [
              101.538448,
              0.6594927
            ],
            [
              101.5384174,
              0.6597075
            ],
            [
              101.5384175,
              0.6598148
            ],
            [
              101.5384479,
              0.6600296
            ],
            [
              101.5384518,
              0.6601376
            ],
            [
              101.538443,
              0.6604629
            ],
            [
              101.5384237,
              0.6605687
            ],
            [
              101.538391,
              0.6606718
            ],
            [
              101.5383397,
              0.6607671
            ],
            [
              101.5382789,
              0.6608565
            ],
            [
              101.5382323,
              0.6609519
            ],
            [
              101.5382272,
              0.6610594
            ],
            [
              101.5382387,
              0.6612759
            ],
            [
              101.5382821,
              0.6615983
            ],
            [
              101.5383311,
              0.6618096
            ],
            [
              101.5383324,
              0.6619155
            ],
            [
              101.5382412,
              0.662112
            ],
            [
              101.538185,
              0.6622043
            ],
            [
              101.5381159,
              0.6622867
            ],
            [
              101.537883,
              0.6625123
            ],
            [
              101.5377149,
              0.662648
            ],
            [
              101.5376454,
              0.6627293
            ],
            [
              101.5376453,
              0.6628315
            ],
            [
              101.5376833,
              0.6629035
            ],
            [
              101.5376611,
              0.6629433
            ],
            [
              101.5375911,
              0.6629571
            ],
            [
              101.5374848,
              0.6629392
            ],
            [
              101.5373794,
              0.6629459
            ],
            [
              101.5372993,
              0.6630086
            ],
            [
              101.5372962,
              0.6631152
            ],
            [
              101.5372664,
              0.6631894
            ],
            [
              101.5372042,
              0.6632533
            ],
            [
              101.5370971,
              0.6632565
            ],
            [
              101.5370002,
              0.6633004
            ],
            [
              101.5369356,
              0.6633762
            ],
            [
              101.536943,
              0.6634589
            ],
            [
              101.5370003,
              0.663545
            ],
            [
              101.5369304,
              0.6637426
            ],
            [
              101.5368989,
              0.6638462
            ],
            [
              101.5367895,
              0.6643772
            ],
            [
              101.536812,
              0.6644826
            ],
            [
              101.5368224,
              0.66459
            ],
            [
              101.5368272,
              0.6648068
            ],
            [
              101.5368402,
              0.6649138
            ],
            [
              101.5368948,
              0.6651236
            ],
            [
              101.5369094,
              0.6652307
            ],
            [
              101.5369403,
              0.6655545
            ],
            [
              101.5369596,
              0.6656612
            ],
            [
              101.5369861,
              0.665766
            ],
            [
              101.5370586,
              0.66597
            ],
            [
              101.5372837,
              0.66634
            ],
            [
              101.5373372,
              0.666434
            ],
            [
              101.5375282,
              0.6668229
            ],
            [
              101.537655,
              0.666998
            ],
            [
              101.5376954,
              0.6670981
            ],
            [
              101.5377238,
              0.6672027
            ],
            [
              101.537784,
              0.6676321
            ],
            [
              101.537858,
              0.6679488
            ],
            [
              101.5378865,
              0.6680531
            ],
            [
              101.5381245,
              0.6685395
            ],
            [
              101.5381276,
              0.6686416
            ],
            [
              101.5380389,
              0.6686888
            ],
            [
              101.5377186,
              0.6687314
            ],
            [
              101.5376147,
              0.6687601
            ],
            [
              101.5375558,
              0.6688428
            ],
            [
              101.5375737,
              0.6689494
            ],
            [
              101.5376227,
              0.6690453
            ],
            [
              101.5376977,
              0.6691232
            ],
            [
              101.5377474,
              0.669217
            ],
            [
              101.5377843,
              0.6693189
            ],
            [
              101.5378159,
              0.6694223
            ],
            [
              101.5378604,
              0.6696346
            ],
            [
              101.5378996,
              0.6697334
            ],
            [
              101.5379931,
              0.6697797
            ],
            [
              101.5380983,
              0.6697924
            ],
            [
              101.5381822,
              0.6697253
            ],
            [
              101.5382555,
              0.6696468
            ],
            [
              101.5383496,
              0.6695957
            ],
            [
              101.5384526,
              0.6695638
            ],
            [
              101.5385583,
              0.6695653
            ],
            [
              101.538634,
              0.6696393
            ],
            [
              101.5386926,
              0.669848
            ],
            [
              101.5387277,
              0.6699498
            ],
            [
              101.5388005,
              0.6700272
            ],
            [
              101.5389005,
              0.6700677
            ],
            [
              101.5389972,
              0.670115
            ],
            [
              101.5390911,
              0.6701682
            ],
            [
              101.5391721,
              0.6702338
            ],
            [
              101.5392685,
              0.6704277
            ],
            [
              101.5393053,
              0.6705293
            ],
            [
              101.5393535,
              0.6706259
            ],
            [
              101.5393966,
              0.670724
            ],
            [
              101.5394058,
              0.6708314
            ],
            [
              101.5393868,
              0.6709346
            ],
            [
              101.5392733,
              0.6711187
            ],
            [
              101.5392313,
              0.6712184
            ],
            [
              101.5392163,
              0.6713258
            ],
            [
              101.5392437,
              0.6714297
            ],
            [
              101.5393124,
              0.6715111
            ],
            [
              101.5394146,
              0.6715397
            ],
            [
              101.5396276,
              0.6715726
            ],
            [
              101.5397311,
              0.6715996
            ],
            [
              101.5397705,
              0.6716788
            ],
            [
              101.5396824,
              0.6717373
            ],
            [
              101.5395773,
              0.6717488
            ],
            [
              101.5394696,
              0.6717499
            ],
            [
              101.5393648,
              0.6717248
            ],
            [
              101.5392603,
              0.6717078
            ],
            [
              101.5390551,
              0.6717722
            ],
            [
              101.5389959,
              0.6718587
            ],
            [
              101.5389683,
              0.6719635
            ],
            [
              101.5390003,
              0.6720634
            ],
            [
              101.5391014,
              0.672099
            ],
            [
              101.539196,
              0.6721459
            ],
            [
              101.5392717,
              0.6722224
            ],
            [
              101.5393665,
              0.6726457
            ],
            [
              101.539394,
              0.6727504
            ],
            [
              101.5394906,
              0.6730609
            ],
            [
              101.5395307,
              0.6731199
            ],
            [
              101.5395913,
              0.6731275
            ],
            [
              101.5396501,
              0.6730732
            ],
            [
              101.5397138,
              0.6730743
            ],
            [
              101.5397673,
              0.673123
            ],
            [
              101.5398552,
              0.6733211
            ],
            [
              101.5398606,
              0.673421
            ],
            [
              101.539823,
              0.6735061
            ],
            [
              101.5397183,
              0.673532
            ],
            [
              101.5396598,
              0.6735713
            ],
            [
              101.5396608,
              0.6736558
            ],
            [
              101.5397433,
              0.6737252
            ],
            [
              101.5399442,
              0.6738038
            ],
            [
              101.5400424,
              0.6738473
            ],
            [
              101.5400918,
              0.6739053
            ],
            [
              101.5400914,
              0.6740138
            ],
            [
              101.5400644,
              0.6741178
            ],
            [
              101.5400215,
              0.6742173
            ],
            [
              101.5399634,
              0.6744261
            ],
            [
              101.539931,
              0.6745294
            ],
            [
              101.5398899,
              0.6746297
            ],
            [
              101.5398042,
              0.6746933
            ],
            [
              101.5396989,
              0.6747051
            ],
            [
              101.5395912,
              0.674705
            ],
            [
              101.5394852,
              0.6747113
            ],
            [
              101.5393934,
              0.6747677
            ],
            [
              101.5393769,
              0.6748551
            ],
            [
              101.5394552,
              0.6749213
            ],
            [
              101.539559,
              0.6749115
            ],
            [
              101.5397572,
              0.6748456
            ],
            [
              101.5397902,
              0.6749368
            ],
            [
              101.5397165,
              0.6750132
            ],
            [
              101.5397759,
              0.6750999
            ],
            [
              101.5398581,
              0.6751649
            ],
            [
              101.539962,
              0.6751816
            ],
            [
              101.5401774,
              0.6751761
            ],
            [
              101.5402716,
              0.6752249
            ],
            [
              101.5403222,
              0.6753158
            ],
            [
              101.5403539,
              0.6754189
            ],
            [
              101.5403639,
              0.6755265
            ],
            [
              101.5402967,
              0.6757281
            ],
            [
              101.5403122,
              0.6758334
            ],
            [
              101.5403509,
              0.6759346
            ],
            [
              101.5404037,
              0.6760286
            ],
            [
              101.5404336,
              0.6761283
            ],
            [
              101.5404054,
              0.676233
            ],
            [
              101.5403452,
              0.6763227
            ],
            [
              101.5401821,
              0.676724
            ],
            [
              101.5401594,
              0.6770485
            ],
            [
              101.5401639,
              0.6772653
            ],
            [
              101.5402045,
              0.6773612
            ],
            [
              101.5403069,
              0.6773927
            ],
            [
              101.5407339,
              0.6774516
            ],
            [
              101.5408377,
              0.6774803
            ],
            [
              101.5409366,
              0.6775176
            ],
            [
              101.5410032,
              0.6776029
            ],
            [
              101.5410332,
              0.6777028
            ],
            [
              101.5410326,
              0.6778102
            ],
            [
              101.5409832,
              0.6779047
            ],
            [
              101.5409092,
              0.6779823
            ],
            [
              101.5407454,
              0.6781233
            ],
            [
              101.5406813,
              0.6782094
            ],
            [
              101.5405966,
              0.678243
            ],
            [
              101.5405287,
              0.6782256
            ],
            [
              101.5404668,
              0.6781722
            ],
            [
              101.5404199,
              0.6780749
            ],
            [
              101.5403484,
              0.6779948
            ],
            [
              101.5402569,
              0.6779383
            ],
            [
              101.5401589,
              0.6778935
            ],
            [
              101.5400539,
              0.6778692
            ],
            [
              101.5399462,
              0.6778706
            ],
            [
              101.5397329,
              0.6779013
            ],
            [
              101.5396354,
              0.6779474
            ],
            [
              101.5395851,
              0.6780391
            ],
            [
              101.5395737,
              0.6782553
            ],
            [
              101.5395796,
              0.6783633
            ],
            [
              101.5396256,
              0.6787947
            ],
            [
              101.5396291,
              0.6789009
            ],
            [
              101.5395775,
              0.6789961
            ],
            [
              101.5395714,
              0.6791033
            ],
            [
              101.5396321,
              0.6794229
            ],
            [
              101.5396396,
              0.6795292
            ],
            [
              101.5395429,
              0.679952
            ],
            [
              101.5394634,
              0.6800185
            ],
            [
              101.539362,
              0.6800444
            ],
            [
              101.5390395,
              0.6800664
            ],
            [
              101.5389339,
              0.6800839
            ],
            [
              101.5388308,
              0.6801155
            ],
            [
              101.5387452,
              0.6801754
            ],
            [
              101.5386992,
              0.6802734
            ],
            [
              101.538639,
              0.6803624
            ],
            [
              101.5385592,
              0.6804344
            ],
            [
              101.5383661,
              0.6805292
            ],
            [
              101.538306,
              0.6806172
            ],
            [
              101.538271,
              0.6807194
            ],
            [
              101.5382355,
              0.6809333
            ],
            [
              101.538202,
              0.6810362
            ],
            [
              101.5381851,
              0.6811423
            ],
            [
              101.5381475,
              0.6812393
            ],
            [
              101.5380486,
              0.6812814
            ],
            [
              101.537945,
              0.6813112
            ],
            [
              101.5378442,
              0.6813486
            ],
            [
              101.5377464,
              0.6813942
            ],
            [
              101.5376613,
              0.6814599
            ],
            [
              101.5375786,
              0.6815294
            ],
            [
              101.53749,
              0.6815825
            ],
            [
              101.5372745,
              0.6815815
            ],
            [
              101.5370621,
              0.6816159
            ],
            [
              101.5369821,
              0.6816835
            ],
            [
              101.5369117,
              0.6817631
            ],
            [
              101.5368213,
              0.6818173
            ],
            [
              101.5366122,
              0.6818694
            ],
            [
              101.5363186,
              0.6820055
            ],
            [
              101.5362177,
              0.6820417
            ],
            [
              101.5360067,
              0.6820853
            ],
            [
              101.535903,
              0.682113
            ],
            [
              101.5358026,
              0.6821473
            ],
            [
              101.5356997,
              0.6821169
            ],
            [
              101.5354954,
              0.6820482
            ],
            [
              101.5354022,
              0.6819938
            ],
            [
              101.5353019,
              0.681967
            ],
            [
              101.5351943,
              0.6819699
            ],
            [
              101.5349885,
              0.6820343
            ],
            [
              101.5348979,
              0.6820917
            ],
            [
              101.5348529,
              0.6821887
            ],
            [
              101.5348081,
              0.6825109
            ],
            [
              101.5347783,
              0.6826148
            ],
            [
              101.5347037,
              0.6826916
            ],
            [
              101.5346096,
              0.6827443
            ],
            [
              101.5345054,
              0.6827691
            ],
            [
              101.5343995,
              0.682789
            ],
            [
              101.5342856,
              0.6827615
            ],
            [
              101.5342201,
              0.6827212
            ],
            [
              101.5341459,
              0.6826439
            ],
            [
              101.5340512,
              0.6825963
            ],
            [
              101.533954,
              0.6826292
            ],
            [
              101.5338865,
              0.6827121
            ],
            [
              101.5336427,
              0.6830699
            ],
            [
              101.5335086,
              0.6832318
            ],
            [
              101.5332296,
              0.6833952
            ],
            [
              101.5331254,
              0.6834227
            ],
            [
              101.5330194,
              0.6834356
            ],
            [
              101.5329163,
              0.6834223
            ],
            [
              101.5328534,
              0.6833357
            ],
            [
              101.5327977,
              0.6832439
            ],
            [
              101.5327091,
              0.6832548
            ],
            [
              101.5326334,
              0.6833291
            ],
            [
              101.532522,
              0.6835148
            ],
            [
              101.5324456,
              0.6835877
            ],
            [
              101.532363,
              0.6836544
            ],
            [
              101.5323054,
              0.6837447
            ],
            [
              101.5322125,
              0.6837946
            ],
            [
              101.5320029,
              0.6838448
            ],
            [
              101.5317904,
              0.6838806
            ],
            [
              101.5316834,
              0.6838902
            ],
            [
              101.5313602,
              0.6838932
            ],
            [
              101.5312536,
              0.6839054
            ],
            [
              101.5309367,
              0.6839695
            ],
            [
              101.5308291,
              0.6839728
            ],
            [
              101.5307254,
              0.6839521
            ],
            [
              101.5306309,
              0.6839017
            ],
            [
              101.5305443,
              0.6838376
            ],
            [
              101.5304787,
              0.6837525
            ],
            [
              101.5304382,
              0.6836541
            ],
            [
              101.5304286,
              0.6835461
            ],
            [
              101.5304424,
              0.683221
            ],
            [
              101.5304359,
              0.6831135
            ],
            [
              101.530411,
              0.6830086
            ],
            [
              101.5303428,
              0.682936
            ],
            [
              101.5302364,
              0.6829199
            ],
            [
              101.5299132,
              0.6829137
            ],
            [
              101.529806,
              0.682907
            ],
            [
              101.5295943,
              0.6828667
            ],
            [
              101.5294897,
              0.682862
            ],
            [
              101.5294254,
              0.6829432
            ],
            [
              101.5293303,
              0.6833664
            ],
            [
              101.5292923,
              0.683463
            ],
            [
              101.5292066,
              0.6835287
            ],
            [
              101.5291304,
              0.683604
            ],
            [
              101.5289995,
              0.6837764
            ],
            [
              101.5289305,
              0.6838588
            ],
            [
              101.5288385,
              0.6839116
            ],
            [
              101.5287334,
              0.6839072
            ],
            [
              101.5286278,
              0.6838853
            ],
            [
              101.5285203,
              0.6838876
            ],
            [
              101.5284132,
              0.6838995
            ],
            [
              101.5283076,
              0.6839181
            ],
            [
              101.5282084,
              0.6839586
            ],
            [
              101.5281235,
              0.6840253
            ],
            [
              101.5279789,
              0.6843163
            ],
            [
              101.5279194,
              0.6844056
            ],
            [
              101.5278441,
              0.6844263
            ],
            [
              101.5277964,
              0.6843321
            ],
            [
              101.5277276,
              0.6840142
            ],
            [
              101.5276571,
              0.6839398
            ],
            [
              101.5275509,
              0.6839324
            ],
            [
              101.5274552,
              0.6839776
            ],
            [
              101.5273857,
              0.6840586
            ],
            [
              101.5273483,
              0.6841597
            ],
            [
              101.5273255,
              0.6842655
            ],
            [
              101.5272894,
              0.6844794
            ],
            [
              101.5272175,
              0.684551
            ],
            [
              101.5271184,
              0.6845211
            ],
            [
              101.5270191,
              0.6844791
            ],
            [
              101.5269324,
              0.6844157
            ],
            [
              101.5267651,
              0.6842791
            ],
            [
              101.5266933,
              0.6841984
            ],
            [
              101.5265923,
              0.6840069
            ],
            [
              101.5265306,
              0.683919
            ],
            [
              101.5263391,
              0.6838209
            ],
            [
              101.5262475,
              0.6837643
            ],
            [
              101.5261543,
              0.6837133
            ],
            [
              101.5260504,
              0.6837292
            ],
            [
              101.5259482,
              0.6837615
            ],
            [
              101.5258759,
              0.6838414
            ],
            [
              101.5258532,
              0.6839463
            ],
            [
              101.5258459,
              0.6840544
            ],
            [
              101.5258192,
              0.6841595
            ],
            [
              101.5258169,
              0.6842663
            ],
            [
              101.5258289,
              0.6843741
            ],
            [
              101.525832,
              0.6844808
            ],
            [
              101.5257714,
              0.6845649
            ],
            [
              101.5255591,
              0.6846015
            ],
            [
              101.5254566,
              0.6846342
            ],
            [
              101.525362,
              0.6846838
            ],
            [
              101.5253091,
              0.6847723
            ],
            [
              101.5251033,
              0.6847669
            ],
            [
              101.5248933,
              0.6848148
            ],
            [
              101.5247934,
              0.6848555
            ],
            [
              101.5246909,
              0.6848861
            ],
            [
              101.5241561,
              0.6849507
            ],
            [
              101.524049,
              0.684944
            ],
            [
              101.523951,
              0.684913
            ],
            [
              101.5238756,
              0.6848356
            ],
            [
              101.5237765,
              0.6848061
            ],
            [
              101.5237462,
              0.6847081
            ],
            [
              101.5237976,
              0.6846143
            ],
            [
              101.523859,
              0.6845252
            ],
            [
              101.5238835,
              0.6844252
            ],
            [
              101.523831,
              0.6843327
            ],
            [
              101.5237519,
              0.6842591
            ],
            [
              101.5235567,
              0.6841839
            ],
            [
              101.5234576,
              0.6841537
            ],
            [
              101.5233658,
              0.6841935
            ],
            [
              101.5233633,
              0.6842991
            ],
            [
              101.523402,
              0.6844003
            ],
            [
              101.5234054,
              0.6845054
            ],
            [
              101.5233689,
              0.6846058
            ],
            [
              101.5233019,
              0.6846868
            ],
            [
              101.5231973,
              0.6846794
            ],
            [
              101.523155,
              0.6847142
            ],
            [
              101.5231387,
              0.6847981
            ],
            [
              101.5231653,
              0.6848999
            ],
            [
              101.5230987,
              0.6849734
            ],
            [
              101.5229942,
              0.6849826
            ],
            [
              101.5229213,
              0.6850518
            ],
            [
              101.5229321,
              0.6851562
            ],
            [
              101.5229087,
              0.6852551
            ],
            [
              101.5228074,
              0.6852771
            ],
            [
              101.5227462,
              0.6851983
            ],
            [
              101.5227012,
              0.6851013
            ],
            [
              101.5226032,
              0.68511
            ],
            [
              101.5222024,
              0.6852697
            ],
            [
              101.5221076,
              0.6853208
            ],
            [
              101.5220173,
              0.6853793
            ],
            [
              101.5219441,
              0.6854568
            ],
            [
              101.5218913,
              0.6855513
            ],
            [
              101.5218657,
              0.6856567
            ],
            [
              101.5218596,
              0.6857639
            ],
            [
              101.5218913,
              0.6858663
            ],
            [
              101.5219324,
              0.6859665
            ],
            [
              101.5219155,
              0.6860728
            ],
            [
              101.5218243,
              0.686096
            ],
            [
              101.5217264,
              0.6860545
            ],
            [
              101.5216517,
              0.6859778
            ],
            [
              101.5214422,
              0.6859489
            ],
            [
              101.5213779,
              0.685867
            ],
            [
              101.5213304,
              0.6857709
            ],
            [
              101.5212554,
              0.6856931
            ],
            [
              101.5211713,
              0.6856268
            ],
            [
              101.5210686,
              0.6856119
            ],
            [
              101.5209774,
              0.685566
            ],
            [
              101.5208866,
              0.6855102
            ],
            [
              101.5207835,
              0.6854956
            ],
            [
              101.5206973,
              0.6855064
            ],
            [
              101.5206034,
              0.6855099
            ],
            [
              101.5205428,
              0.6855444
            ],
            [
              101.5204719,
              0.6857174
            ],
            [
              101.5203987,
              0.6857862
            ],
            [
              101.5203341,
              0.6858714
            ],
            [
              101.5203087,
              0.6859745
            ],
            [
              101.5203521,
              0.6860727
            ],
            [
              101.5203574,
              0.6861656
            ],
            [
              101.5203238,
              0.6862296
            ],
            [
              101.5203458,
              0.6863179
            ],
            [
              101.5204181,
              0.6863918
            ],
            [
              101.5204178,
              0.6864988
            ],
            [
              101.52037,
              0.6865931
            ],
            [
              101.5202816,
              0.6866552
            ],
            [
              101.5201876,
              0.6866585
            ],
            [
              101.5200834,
              0.6866363
            ],
            [
              101.5199763,
              0.6866411
            ],
            [
              101.5198757,
              0.6866771
            ],
            [
              101.5198101,
              0.6867619
            ],
            [
              101.5197182,
              0.6868185
            ],
            [
              101.5196618,
              0.6869099
            ],
            [
              101.519591,
              0.6869871
            ],
            [
              101.5194842,
              0.6869983
            ],
            [
              101.519377,
              0.6869955
            ],
            [
              101.5191628,
              0.6869719
            ],
            [
              101.5190558,
              0.6869712
            ],
            [
              101.51896,
              0.68701
            ],
            [
              101.518927,
              0.6871133
            ],
            [
              101.5189015,
              0.6872183
            ],
            [
              101.5188847,
              0.6873255
            ],
            [
              101.5188809,
              0.6875422
            ],
            [
              101.5189026,
              0.687758
            ],
            [
              101.5189531,
              0.6878502
            ],
            [
              101.5190379,
              0.6879171
            ],
            [
              101.5191306,
              0.6879719
            ],
            [
              101.5192202,
              0.688031
            ],
            [
              101.5192574,
              0.6881166
            ],
            [
              101.5191961,
              0.6882058
            ],
            [
              101.5190317,
              0.6883444
            ],
            [
              101.5189654,
              0.6884288
            ],
            [
              101.5189174,
              0.6885259
            ],
            [
              101.5188877,
              0.6886295
            ],
            [
              101.518883,
              0.688736
            ],
            [
              101.5189526,
              0.6888164
            ],
            [
              101.5190007,
              0.6889116
            ],
            [
              101.5189849,
              0.6890121
            ],
            [
              101.5189058,
              0.6890786
            ],
            [
              101.5185968,
              0.6891735
            ],
            [
              101.5184978,
              0.6892165
            ],
            [
              101.5184027,
              0.6892655
            ],
            [
              101.5183887,
              0.6893561
            ],
            [
              101.5183392,
              0.6894496
            ],
            [
              101.5182237,
              0.689632
            ],
            [
              101.5182046,
              0.6897382
            ],
            [
              101.518196,
              0.6898463
            ],
            [
              101.5181704,
              0.6899504
            ],
            [
              101.5181171,
              0.6900442
            ],
            [
              101.5180722,
              0.6901416
            ],
            [
              101.518014,
              0.6903504
            ],
            [
              101.5179666,
              0.6904462
            ],
            [
              101.5178802,
              0.6905063
            ],
            [
              101.5177754,
              0.6905309
            ],
            [
              101.5174572,
              0.6905882
            ],
            [
              101.5173598,
              0.6906327
            ],
            [
              101.5172694,
              0.6906899
            ],
            [
              101.5172015,
              0.6907715
            ],
            [
              101.5171629,
              0.690923
            ],
            [
              101.5171349,
              0.6909119
            ],
            [
              101.517072,
              0.6908874
            ],
            [
              101.5169388,
              0.6908405
            ],
            [
              101.5168791,
              0.6908308
            ],
            [
              101.5168156,
              0.6908274
            ],
            [
              101.5167246,
              0.6908338
            ],
            [
              101.5164218,
              0.6908727
            ],
            [
              101.516117,
              0.6908804
            ],
            [
              101.5160419,
              0.6908774
            ],
            [
              101.5159558,
              0.690866
            ],
            [
              101.5158042,
              0.6908278
            ],
            [
              101.5156138,
              0.6907607
            ],
            [
              101.5153543,
              0.690644
            ],
            [
              101.5152255,
              0.6906045
            ],
            [
              101.5150297,
              0.6905495
            ],
            [
              101.5148474,
              0.6905334
            ],
            [
              101.5145718,
              0.6905314
            ],
            [
              101.5143177,
              0.6905261
            ],
            [
              101.51427,
              0.6903688
            ],
            [
              101.5142023,
              0.6901445
            ],
            [
              101.5141627,
              0.6899722
            ],
            [
              101.5141513,
              0.6899005
            ],
            [
              101.5141506,
              0.6898374
            ],
            [
              101.514152,
              0.6897503
            ],
            [
              101.5141701,
              0.689651
            ],
            [
              101.5142915,
              0.6893406
            ],
            [
              101.5143555,
              0.6891552
            ],
            [
              101.5143555,
              0.6891126
            ],
            [
              101.5143448,
              0.6890607
            ],
            [
              101.5143163,
              0.6889956
            ],
            [
              101.5142784,
              0.6889319
            ],
            [
              101.5141439,
              0.6888223
            ],
            [
              101.5136665,
              0.6886004
            ],
            [
              101.5133741,
              0.6884408
            ],
            [
              101.5132937,
              0.688363
            ],
            [
              101.5131944,
              0.6882356
            ],
            [
              101.5131435,
              0.6881297
            ],
            [
              101.5131073,
              0.6880344
            ],
            [
              101.5130456,
              0.6878172
            ],
            [
              101.5129812,
              0.687667
            ],
            [
              101.5129276,
              0.6875423
            ],
            [
              101.5128645,
              0.6874511
            ],
            [
              101.5127733,
              0.6873639
            ],
            [
              101.5124193,
              0.6870381
            ],
            [
              101.5122369,
              0.6868544
            ],
            [
              101.5121444,
              0.6866693
            ],
            [
              101.5120988,
              0.6865875
            ],
            [
              101.51208,
              0.6865057
            ],
            [
              101.512084,
              0.686381
            ],
            [
              101.5121175,
              0.6861651
            ],
            [
              101.5121377,
              0.6859478
            ],
            [
              101.5121377,
              0.6857386
            ],
            [
              101.5120827,
              0.6856072
            ],
            [
              101.5118936,
              0.685272
            ],
            [
              101.5116522,
              0.6849555
            ],
            [
              101.5114631,
              0.6846766
            ],
            [
              101.5113397,
              0.6845103
            ],
            [
              101.5112793,
              0.6844003
            ],
            [
              101.5112109,
              0.6842407
            ],
            [
              101.5111372,
              0.6840356
            ],
            [
              101.5110527,
              0.6839015
            ],
            [
              101.5109441,
              0.6837754
            ],
            [
              101.5108408,
              0.6836708
            ],
            [
              101.5107375,
              0.6835877
            ],
            [
              101.510637,
              0.6835139
            ],
            [
              101.5105391,
              0.6834495
            ],
            [
              101.5104385,
              0.6834093
            ],
            [
              101.5102507,
              0.6833637
            ],
            [
              101.5098014,
              0.6832524
            ],
            [
              101.5094098,
              0.6830781
            ],
            [
              101.5089646,
              0.682893
            ],
            [
              101.5088154,
              0.6828243
            ],
            [
              101.5087165,
              0.6827831
            ],
            [
              101.5086229,
              0.6827163
            ],
            [
              101.5084593,
              0.6825098
            ],
            [
              101.5082521,
              0.682202
            ],
            [
              101.5080999,
              0.6819975
            ],
            [
              101.5079792,
              0.6818339
            ],
            [
              101.507831,
              0.6816844
            ],
            [
              101.5076785,
              0.6816016
            ],
            [
              101.5074937,
              0.6815416
            ],
            [
              101.5073137,
              0.6815225
            ],
            [
              101.5071394,
              0.6815091
            ],
            [
              101.5069851,
              0.6815145
            ],
            [
              101.5068389,
              0.6815319
            ],
            [
              101.5068251,
              0.6812741
            ],
            [
              101.5068419,
              0.6810508
            ],
            [
              101.5069116,
              0.680847
            ],
            [
              101.5069331,
              0.6804178
            ],
            [
              101.5069593,
              0.6798633
            ],
            [
              101.5069519,
              0.6795971
            ],
            [
              101.5069385,
              0.6793343
            ],
            [
              101.5068842,
              0.6791097
            ],
            [
              101.5068483,
              0.67898
            ],
            [
              101.506784,
              0.6787627
            ],
            [
              101.5066776,
              0.6785438
            ],
            [
              101.5065308,
              0.6783285
            ],
            [
              101.5064342,
              0.6781944
            ],
            [
              101.5063414,
              0.6780278
            ],
            [
              101.5062565,
              0.6778465
            ],
            [
              101.5061848,
              0.6776124
            ],
            [
              101.5060848,
              0.6772752
            ],
            [
              101.5059139,
              0.6769017
            ],
            [
              101.5057684,
              0.6765698
            ],
            [
              101.5057127,
              0.6763787
            ],
            [
              101.5056504,
              0.6761058
            ],
            [
              101.5055437,
              0.675963
            ],
            [
              101.5054364,
              0.6758584
            ],
            [
              101.5052427,
              0.6757089
            ],
            [
              101.5051441,
              0.6755822
            ],
            [
              101.5050495,
              0.6754085
            ],
            [
              101.5049724,
              0.6752281
            ],
            [
              101.5049744,
              0.6750223
            ],
            [
              101.5049885,
              0.6748607
            ],
            [
              101.5050603,
              0.6746146
            ],
            [
              101.5051129,
              0.6744312
            ],
            [
              101.5052175,
              0.674155
            ],
            [
              101.505305,
              0.673981
            ],
            [
              101.5054284,
              0.6737879
            ],
            [
              101.5056718,
              0.6734345
            ],
            [
              101.5058039,
              0.673171
            ],
            [
              101.5058864,
              0.6729115
            ],
            [
              101.5059353,
              0.6727017
            ],
            [
              101.5059588,
              0.672402
            ],
            [
              101.5059916,
              0.6720177
            ],
            [
              101.50594,
              0.6717288
            ],
            [
              101.505879,
              0.6715162
            ],
            [
              101.5057878,
              0.6712158
            ],
            [
              101.5056396,
              0.6709242
            ],
            [
              101.5054016,
              0.6705426
            ],
            [
              101.5052131,
              0.6702537
            ],
            [
              101.5051092,
              0.6700411
            ],
            [
              101.5050378,
              0.6698959
            ],
            [
              101.5049775,
              0.6698074
            ],
            [
              101.5049145,
              0.6697458
            ],
            [
              101.5048028,
              0.6696797
            ],
            [
              101.5045406,
              0.6695851
            ],
            [
              101.5042402,
              0.6695261
            ],
            [
              101.5037531,
              0.6694159
            ],
            [
              101.5035535,
              0.669376
            ],
            [
              101.5034339,
              0.6693461
            ],
            [
              101.5033373,
              0.6693086
            ],
            [
              101.5032229,
              0.6692667
            ],
            [
              101.5025638,
              0.6688154
            ],
            [
              101.5019596,
              0.6683923
            ],
            [
              101.5018862,
              0.6683363
            ],
            [
              101.5018235,
              0.6682763
            ],
            [
              101.5017495,
              0.6681808
            ],
            [
              101.5016861,
              0.6680839
            ],
            [
              101.5015995,
              0.667958
            ],
            [
              101.5014936,
              0.6677748
            ],
            [
              101.5013213,
              0.6675421
            ],
            [
              101.5011985,
              0.6673859
            ],
            [
              101.5011661,
              0.6673091
            ],
            [
              101.5011442,
              0.6672444
            ],
            [
              101.5011352,
              0.6671911
            ],
            [
              101.5011433,
              0.6671388
            ],
            [
              101.5011684,
              0.667062
            ],
            [
              101.5012211,
              0.6669994
            ],
            [
              101.5013176,
              0.6669444
            ],
            [
              101.501434,
              0.6668877
            ],
            [
              101.5017537,
              0.6667342
            ],
            [
              101.5022064,
              0.6665471
            ],
            [
              101.5022711,
              0.6665005
            ],
            [
              101.5023331,
              0.6664445
            ],
            [
              101.5023838,
              0.6664013
            ],
            [
              101.5024538,
              0.6663265
            ],
            [
              101.5025943,
              0.666117
            ],
            [
              101.502647,
              0.6660348
            ],
            [
              101.5021111,
              0.6651216
            ],
            [
              101.5018014,
              0.6646729
            ],
            [
              101.501586,
              0.664435
            ],
            [
              101.5011821,
              0.6640939
            ],
            [
              101.5005942,
              0.6634252
            ],
            [
              101.500298,
              0.6629809
            ],
            [
              101.5001118,
              0.6627142
            ],
            [
              101.4999772,
              0.662554
            ],
            [
              101.4997657,
              0.6623404
            ],
            [
              101.4995713,
              0.6621396
            ],
            [
              101.4994709,
              0.6620179
            ],
            [
              101.4993278,
              0.6617893
            ],
            [
              101.4991996,
              0.6615202
            ],
            [
              101.4989839,
              0.6610887
            ],
            [
              101.498734,
              0.6606124
            ],
            [
              101.4985182,
              0.6602578
            ],
            [
              101.4983879,
              0.6599908
            ],
            [
              101.4982939,
              0.659758
            ],
            [
              101.4982683,
              0.6596084
            ],
            [
              101.4982234,
              0.6594931
            ],
            [
              101.4981946,
              0.6594493
            ],
            [
              101.49817,
              0.6594119
            ],
            [
              101.4980718,
              0.65935
            ],
            [
              101.4978453,
              0.6592581
            ],
            [
              101.4976851,
              0.659209
            ],
            [
              101.4975763,
              0.6591565
            ],
            [
              101.4974803,
              0.6590986
            ],
            [
              101.4973244,
              0.6589614
            ],
            [
              101.4971389,
              0.6587017
            ],
            [
              101.4970425,
              0.6584643
            ],
            [
              101.4970165,
              0.6582268
            ],
            [
              101.4970425,
              0.6579931
            ],
            [
              101.4971278,
              0.6578039
            ],
            [
              101.4972948,
              0.6575739
            ],
            [
              101.4973467,
              0.6574441
            ],
            [
              101.4973652,
              0.6572883
            ],
            [
              101.4973467,
              0.6571362
            ],
            [
              101.4972577,
              0.656947
            ],
            [
              101.4971278,
              0.6567726
            ],
            [
              101.4969423,
              0.6566242
            ],
            [
              101.4967009,
              0.6564089
            ],
            [
              101.4959717,
              0.655715
            ],
            [
              101.4957293,
              0.655558
            ],
            [
              101.4955992,
              0.6554996
            ],
            [
              101.4954645,
              0.6554682
            ],
            [
              101.4953434,
              0.6554682
            ],
            [
              101.494917,
              0.6555939
            ],
            [
              101.494742,
              0.6556073
            ],
            [
              101.4946163,
              0.6555849
            ],
            [
              101.49419,
              0.6554637
            ],
            [
              101.4938579,
              0.6553426
            ],
            [
              101.493638,
              0.6552214
            ],
            [
              101.4931039,
              0.6548264
            ],
            [
              101.4928391,
              0.6546514
            ],
            [
              101.4925923,
              0.6545572
            ],
            [
              101.492148,
              0.6544629
            ],
            [
              101.4920223,
              0.6543956
            ],
            [
              101.4916858,
              0.6540904
            ],
            [
              101.4913716,
              0.6538256
            ],
            [
              101.4912325,
              0.6536775
            ],
            [
              101.4910635,
              0.6533934
            ],
            [
              101.4909094,
              0.6531211
            ],
            [
              101.4907631,
              0.6528677
            ],
            [
              101.4906451,
              0.6526639
            ],
            [
              101.4905673,
              0.6525325
            ],
            [
              101.4905056,
              0.6524306
            ],
            [
              101.4904278,
              0.6523045
            ],
            [
              101.4903581,
              0.6522214
            ],
            [
              101.4902937,
              0.652157
            ],
            [
              101.4902079,
              0.6520819
            ],
            [
              101.4900175,
              0.651921
            ],
            [
              101.4898442,
              0.6517855
            ],
            [
              101.4892575,
              0.6498502
            ],
            [
              101.4890094,
              0.6486448
            ],
            [
              101.4878663,
              0.647501
            ],
            [
              101.4866781,
              0.6465757
            ],
            [
              101.4858144,
              0.6463289
            ],
            [
              101.4844572,
              0.6455726
            ],
            [
              101.4848597,
              0.6424178
            ],
            [
              101.484467,
              0.6425215
            ],
            [
              101.4843079,
              0.642418
            ],
            [
              101.4842237,
              0.6422486
            ],
            [
              101.4840739,
              0.6420415
            ],
            [
              101.4838775,
              0.642004
            ],
            [
              101.4838402,
              0.6421735
            ],
            [
              101.4837467,
              0.6422677
            ],
            [
              101.4836905,
              0.6421924
            ],
            [
              101.4836437,
              0.6420041
            ],
            [
              101.4835127,
              0.6420042
            ],
            [
              101.4833819,
              0.642249
            ],
            [
              101.483382,
              0.6423903
            ],
            [
              101.4831668,
              0.6423621
            ],
            [
              101.4831013,
              0.6422868
            ],
            [
              101.4830451,
              0.6420985
            ],
            [
              101.4830451,
              0.6419761
            ],
            [
              101.4828018,
              0.6417597
            ],
            [
              101.4826427,
              0.6417033
            ],
            [
              101.4826429,
              0.6419575
            ],
            [
              101.4826242,
              0.6420328
            ],
            [
              101.4823716,
              0.6419765
            ],
            [
              101.4821753,
              0.6420236
            ],
            [
              101.4821005,
              0.6421555
            ],
            [
              101.4818666,
              0.6419861
            ],
            [
              101.4817168,
              0.6417414
            ],
            [
              101.481614,
              0.6418074
            ],
            [
              101.4815111,
              0.6418357
            ],
            [
              101.4814175,
              0.6417039
            ],
            [
              101.4812304,
              0.6416757
            ],
            [
              101.4809031,
              0.6417136
            ],
            [
              101.4808751,
              0.6419113
            ],
            [
              101.4808846,
              0.6420619
            ],
            [
              101.4808285,
              0.642109
            ],
            [
              101.4806788,
              0.6420432
            ],
            [
              101.4806786,
              0.641676
            ],
            [
              101.4805289,
              0.6414689
            ],
            [
              101.4803043,
              0.6413467
            ],
            [
              101.4801359,
              0.6412055
            ],
            [
              101.4801546,
              0.6410925
            ],
            [
              101.48022,
              0.6409983
            ],
            [
              101.4801544,
              0.6408006
            ],
            [
              101.480014,
              0.640603
            ],
            [
              101.4799765,
              0.6402923
            ],
            [
              101.4798735,
              0.640057
            ],
            [
              101.4797612,
              0.6399723
            ],
            [
              101.479621,
              0.640123
            ],
            [
              101.4795743,
              0.6401889
            ],
            [
              101.4793404,
              0.640189
            ],
            [
              101.4791533,
              0.6401232
            ],
            [
              101.4786015,
              0.6400952
            ],
            [
              101.4783395,
              0.6399447
            ],
            [
              101.4781431,
              0.6399448
            ],
            [
              101.4779187,
              0.6399167
            ],
            [
              101.4777689,
              0.6397567
            ],
            [
              101.4775725,
              0.6396344
            ],
            [
              101.4773012,
              0.6396533
            ],
            [
              101.4772639,
              0.6398793
            ],
            [
              101.4772547,
              0.6400582
            ],
            [
              101.4772547,
              0.6402371
            ],
            [
              101.477049,
              0.6402278
            ],
            [
              101.476974,
              0.6398324
            ],
            [
              101.4766466,
              0.6397855
            ],
            [
              101.4764034,
              0.6397385
            ],
            [
              101.476048,
              0.6397764
            ],
            [
              101.4757862,
              0.6398706
            ],
            [
              101.4756365,
              0.6399366
            ],
            [
              101.4756086,
              0.6401155
            ],
            [
              101.4757302,
              0.6403132
            ],
            [
              101.4755058,
              0.6402851
            ],
            [
              101.4753281,
              0.6403134
            ],
            [
              101.4751878,
              0.6404547
            ],
            [
              101.4750663,
              0.6405206
            ],
            [
              101.4748792,
              0.6405113
            ],
            [
              101.4750382,
              0.6404077
            ],
            [
              101.4750662,
              0.6402853
            ],
            [
              101.4748043,
              0.6402571
            ],
            [
              101.4745798,
              0.640342
            ],
            [
              101.474318,
              0.6403421
            ],
            [
              101.4742244,
              0.6403139
            ],
            [
              101.4742244,
              0.6402951
            ],
            [
              101.4741401,
              0.6400127
            ],
            [
              101.4739063,
              0.6399751
            ],
            [
              101.4738315,
              0.6400976
            ],
            [
              101.4738971,
              0.6403894
            ],
            [
              101.4740094,
              0.64054
            ],
            [
              101.473972,
              0.6405777
            ],
            [
              101.4736727,
              0.6405684
            ],
            [
              101.4735043,
              0.6404084
            ],
            [
              101.4733171,
              0.6401449
            ],
            [
              101.4731956,
              0.6402768
            ],
            [
              101.4732518,
              0.6405404
            ],
            [
              101.4731771,
              0.6406816
            ],
            [
              101.4730929,
              0.6406534
            ],
            [
              101.4729245,
              0.6405311
            ],
            [
              101.4728496,
              0.6404935
            ],
            [
              101.4728029,
              0.6406065
            ],
            [
              101.4728404,
              0.6406912
            ],
            [
              101.4728404,
              0.6407383
            ],
            [
              101.4727844,
              0.6409454
            ],
            [
              101.4727096,
              0.6410679
            ],
            [
              101.4724852,
              0.6413034
            ],
            [
              101.4724385,
              0.6414635
            ],
            [
              101.4722701,
              0.6413506
            ],
            [
              101.4722419,
              0.6410022
            ],
            [
              101.4720922,
              0.6409364
            ],
            [
              101.4720547,
              0.6407857
            ],
            [
              101.4717835,
              0.6407294
            ],
            [
              101.4716338,
              0.64072
            ],
            [
              101.4715683,
              0.6406353
            ],
            [
              101.4713906,
              0.6405224
            ],
            [
              101.4709042,
              0.6404662
            ],
            [
              101.4706143,
              0.640617
            ],
            [
              101.4703898,
              0.6405606
            ],
            [
              101.4701841,
              0.6406454
            ],
            [
              101.4700532,
              0.6406832
            ],
            [
              101.4700157,
              0.6405325
            ],
            [
              101.469894,
              0.6404573
            ],
            [
              101.4696789,
              0.6404197
            ],
            [
              101.4695199,
              0.6404668
            ],
            [
              101.4694265,
              0.6406929
            ],
            [
              101.4690897,
              0.6405518
            ],
            [
              101.4688839,
              0.6405236
            ],
            [
              101.4687903,
              0.6403636
            ],
            [
              101.4687434,
              0.6399023
            ],
            [
              101.4685375,
              0.63978
            ],
            [
              101.468472,
              0.639667
            ],
            [
              101.4684718,
              0.6393375
            ],
            [
              101.4683782,
              0.639121
            ],
            [
              101.4682846,
              0.6390551
            ],
            [
              101.4682284,
              0.6387444
            ],
            [
              101.4680879,
              0.6384432
            ],
            [
              101.4679383,
              0.638528
            ],
            [
              101.4679945,
              0.6387163
            ],
            [
              101.4678356,
              0.6387917
            ],
            [
              101.4677514,
              0.6387635
            ],
            [
              101.4676765,
              0.6387259
            ],
            [
              101.4673865,
              0.638566
            ],
            [
              101.4672743,
              0.6384907
            ],
            [
              101.4669843,
              0.6383778
            ],
            [
              101.4668346,
              0.6383779
            ],
            [
              101.466816,
              0.6386039
            ],
            [
              101.4666476,
              0.6385475
            ],
            [
              101.4666008,
              0.6383969
            ],
            [
              101.4665632,
              0.6380862
            ],
            [
              101.4663668,
              0.6379733
            ],
            [
              101.4660394,
              0.6379546
            ],
            [
              101.4657308,
              0.6380677
            ],
            [
              101.4656093,
              0.638209
            ],
            [
              101.4652913,
              0.6382186
            ],
            [
              101.4649452,
              0.6382564
            ],
            [
              101.4648237,
              0.6383789
            ],
            [
              101.4645992,
              0.638379
            ],
            [
              101.4644497,
              0.638558
            ],
            [
              101.4640662,
              0.6386146
            ],
            [
              101.4638698,
              0.6386242
            ],
            [
              101.4635986,
              0.6387843
            ],
            [
              101.4634023,
              0.6389068
            ],
            [
              101.4631498,
              0.6389823
            ],
            [
              101.4630376,
              0.6391801
            ],
            [
              101.462701,
              0.639312
            ],
            [
              101.4625982,
              0.6394439
            ],
            [
              101.4627199,
              0.6397546
            ],
            [
              101.4626919,
              0.6398864
            ],
            [
              101.4626171,
              0.6399429
            ],
            [
              101.4625797,
              0.6399147
            ],
            [
              101.462299,
              0.6397265
            ],
            [
              101.462374,
              0.6399525
            ],
            [
              101.4624863,
              0.6401031
            ],
            [
              101.4621869,
              0.6400561
            ],
            [
              101.462,
              0.6402351
            ],
            [
              101.4621497,
              0.6403669
            ],
            [
              101.4623369,
              0.6407057
            ],
            [
              101.4622435,
              0.6408941
            ],
            [
              101.4621593,
              0.6410259
            ],
            [
              101.4619256,
              0.6411484
            ],
            [
              101.4618975,
              0.6411861
            ],
            [
              101.4618976,
              0.6413933
            ],
            [
              101.4618697,
              0.6416098
            ],
            [
              101.4617668,
              0.6417135
            ],
            [
              101.4615611,
              0.6417324
            ],
            [
              101.4613646,
              0.6416854
            ],
            [
              101.461187,
              0.6417326
            ],
            [
              101.4611964,
              0.6419397
            ],
            [
              101.4613368,
              0.6420526
            ],
            [
              101.4614771,
              0.6420808
            ],
            [
              101.4612994,
              0.6422504
            ],
            [
              101.461262,
              0.6422504
            ],
            [
              101.4614398,
              0.6423821
            ],
            [
              101.4612715,
              0.6424763
            ],
            [
              101.4612248,
              0.6425517
            ],
            [
              101.4614401,
              0.6429094
            ],
            [
              101.4617114,
              0.6432294
            ],
            [
              101.4617116,
              0.6434648
            ],
            [
              101.4616555,
              0.6436154
            ],
            [
              101.4616462,
              0.6436249
            ],
            [
              101.4614311,
              0.6437662
            ],
            [
              101.4615434,
              0.6439545
            ],
            [
              101.4615903,
              0.6440486
            ],
            [
              101.4615903,
              0.6441239
            ],
            [
              101.4615716,
              0.6441239
            ],
            [
              101.4615342,
              0.6441522
            ],
            [
              101.461104,
              0.6442089
            ],
            [
              101.4609638,
              0.6443784
            ],
            [
              101.4609451,
              0.6445762
            ],
            [
              101.4607676,
              0.6448305
            ],
            [
              101.4607489,
              0.645
            ],
            [
              101.4608239,
              0.6453201
            ],
            [
              101.4608239,
              0.645386
            ],
            [
              101.4607959,
              0.6454142
            ],
            [
              101.4606182,
              0.6453861
            ],
            [
              101.4605153,
              0.6453579
            ],
            [
              101.4603563,
              0.645405
            ],
            [
              101.4603657,
              0.6455651
            ],
            [
              101.4604126,
              0.6457345
            ],
            [
              101.4604127,
              0.645904
            ],
            [
              101.4603379,
              0.6460735
            ],
            [
              101.4603192,
              0.6461112
            ],
            [
              101.4601042,
              0.6462714
            ],
            [
              101.4600949,
              0.6464032
            ],
            [
              101.4598891,
              0.6464315
            ],
            [
              101.459777,
              0.6466011
            ],
            [
              101.4599079,
              0.6466104
            ],
            [
              101.4600576,
              0.6466292
            ],
            [
              101.460067,
              0.6468269
            ],
            [
              101.4598146,
              0.6471095
            ],
            [
              101.4597493,
              0.6474579
            ],
            [
              101.4596184,
              0.6475427
            ],
            [
              101.4594967,
              0.6472603
            ],
            [
              101.4591788,
              0.6474017
            ],
            [
              101.4588983,
              0.6476278
            ],
            [
              101.4591883,
              0.6477783
            ],
            [
              101.4591978,
              0.6480419
            ],
            [
              101.4589641,
              0.6482586
            ],
            [
              101.4587396,
              0.6483811
            ],
            [
              101.4584218,
              0.6486261
            ],
            [
              101.4584125,
              0.6488991
            ],
            [
              101.4583004,
              0.649031
            ],
            [
              101.458104,
              0.6491723
            ],
            [
              101.458179,
              0.6494454
            ],
            [
              101.4582071,
              0.6496337
            ],
            [
              101.4582072,
              0.6498031
            ],
            [
              101.4581512,
              0.6500009
            ],
            [
              101.4581231,
              0.6500103
            ],
            [
              101.4579455,
              0.650161
            ],
            [
              101.4577024,
              0.6504625
            ],
            [
              101.4578148,
              0.6506319
            ],
            [
              101.4578803,
              0.6508202
            ],
            [
              101.4580114,
              0.6511214
            ],
            [
              101.4580114,
              0.6511308
            ],
            [
              101.4578713,
              0.651451
            ],
            [
              101.4577311,
              0.6516771
            ],
            [
              101.4576096,
              0.651856
            ],
            [
              101.4574321,
              0.6522704
            ],
            [
              101.457292,
              0.6527507
            ],
            [
              101.4572828,
              0.6530425
            ],
            [
              101.4571893,
              0.6531273
            ],
            [
              101.4570116,
              0.6530992
            ],
            [
              101.4570022,
              0.6530615
            ],
            [
              101.4569929,
              0.6530427
            ],
            [
              101.4569647,
              0.6528638
            ],
            [
              101.4566187,
              0.6528922
            ],
            [
              101.4562726,
              0.6529018
            ],
            [
              101.4560294,
              0.6528078
            ],
            [
              101.4558235,
              0.6525819
            ],
            [
              101.4556182,
              0.6526457
            ],
            [
              101.4553198,
              0.6511231
            ],
            [
              101.4551809,
              0.6505244
            ],
            [
              101.4550584,
              0.6502049
            ],
            [
              101.454917,
              0.6495254
            ],
            [
              101.4549002,
              0.649336
            ],
            [
              101.4547251,
              0.6480919
            ],
            [
              101.454655,
              0.6477479
            ],
            [
              101.4545982,
              0.6474223
            ],
            [
              101.4544791,
              0.6469835
            ],
            [
              101.4543819,
              0.6466531
            ],
            [
              101.4541961,
              0.6459594
            ],
            [
              101.4540813,
              0.6454308
            ],
            [
              101.4540063,
              0.6450358
            ],
            [
              101.4539917,
              0.6449617
            ],
            [
              101.4539782,
              0.6448765
            ],
            [
              101.4538923,
              0.6444846
            ],
            [
              101.4535645,
              0.6424229
            ],
            [
              101.4531243,
              0.640577
            ],
            [
              101.4526812,
              0.6384025
            ],
            [
              101.4522603,
              0.635718
            ],
            [
              101.4521157,
              0.6349908
            ],
            [
              101.4518944,
              0.6341604
            ],
            [
              101.4510277,
              0.630035
            ],
            [
              101.4508946,
              0.629304
            ],
            [
              101.4507651,
              0.6285884
            ],
            [
              101.4507237,
              0.6283226
            ],
            [
              101.4506432,
              0.6277745
            ],
            [
              101.4506075,
              0.6272633
            ],
            [
              101.4505886,
              0.6263814
            ],
            [
              101.4505872,
              0.6261408
            ],
            [
              101.4505852,
              0.6257857
            ],
            [
              101.4505863,
              0.6253729
            ],
            [
              101.4505915,
              0.6252483
            ],
            [
              101.4506141,
              0.6216988
            ],
            [
              101.450616,
              0.6214508
            ],
            [
              101.4506346,
              0.6203989
            ],
            [
              101.4505447,
              0.6089774
            ],
            [
              101.4505473,
              0.6085299
            ],
            [
              101.450483,
              0.6064158
            ],
            [
              101.4504616,
              0.6052808
            ],
            [
              101.4504602,
              0.6048089
            ],
            [
              101.4504267,
              0.6024691
            ],
            [
              101.4502833,
              0.5982993
            ],
            [
              101.4503127,
              0.5976903
            ],
            [
              101.450304,
              0.5971666
            ],
            [
              101.4502926,
              0.5963857
            ],
            [
              101.4502805,
              0.595083
            ],
            [
              101.4501974,
              0.5912476
            ],
            [
              101.450184,
              0.5910196
            ],
            [
              101.4500633,
              0.5906334
            ],
            [
              101.4500598,
              0.5902271
            ],
            [
              101.4480588,
              0.5851226
            ],
            [
              101.4476976,
              0.5845482
            ],
            [
              101.4473301,
              0.5843306
            ],
            [
              101.4473918,
              0.5841401
            ],
            [
              101.4474642,
              0.5838773
            ],
            [
              101.4475179,
              0.5837003
            ],
            [
              101.4475501,
              0.5835876
            ],
            [
              101.4476187,
              0.58348
            ],
            [
              101.447656,
              0.5834388
            ],
            [
              101.4476962,
              0.5834146
            ],
            [
              101.4477284,
              0.5834012
            ],
            [
              101.4478049,
              0.5833959
            ],
            [
              101.4479524,
              0.5833892
            ],
            [
              101.4484218,
              0.5833248
            ],
            [
              101.4485773,
              0.5833006
            ],
            [
              101.4487021,
              0.5832899
            ],
            [
              101.4487731,
              0.5832899
            ],
            [
              101.4488764,
              0.5832966
            ],
            [
              101.4489341,
              0.5833141
            ],
            [
              101.4489676,
              0.5833328
            ],
            [
              101.4490132,
              0.5833637
            ],
            [
              101.4490937,
              0.583412
            ],
            [
              101.4491902,
              0.5834535
            ],
            [
              101.4492479,
              0.5834643
            ],
            [
              101.4493082,
              0.5834643
            ],
            [
              101.4493632,
              0.5834508
            ],
            [
              101.4494397,
              0.5834227
            ],
            [
              101.4495215,
              0.5833784
            ],
            [
              101.4496261,
              0.5833006
            ],
            [
              101.4497213,
              0.5832175
            ],
            [
              101.4497951,
              0.5831478
            ],
            [
              101.4499077,
              0.5830217
            ],
            [
              101.4500727,
              0.5828326
            ],
            [
              101.4501826,
              0.5826905
            ],
            [
              101.4502899,
              0.5825711
            ],
            [
              101.4503489,
              0.5825349
            ],
            [
              101.4504334,
              0.5825188
            ],
            [
              101.4507057,
              0.5824746
            ],
            [
              101.4507996,
              0.5824451
            ],
            [
              101.4508733,
              0.5824102
            ],
            [
              101.45099,
              0.5823217
            ],
            [
              101.4513802,
              0.582201
            ],
            [
              101.4520884,
              0.5819757
            ],
            [
              101.4526409,
              0.5818094
            ],
            [
              101.4529091,
              0.5817129
            ],
            [
              101.4531827,
              0.5816217
            ],
            [
              101.4533758,
              0.5815466
            ],
            [
              101.4535636,
              0.5814178
            ],
            [
              101.4537299,
              0.5812623
            ],
            [
              101.453923,
              0.5810102
            ],
            [
              101.4541966,
              0.5805971
            ],
            [
              101.4544487,
              0.5799266
            ],
            [
              101.4549968,
              0.5793468
            ],
            [
              101.4562941,
              0.5780813
            ],
            [
              101.4553177,
              0.5769763
            ],
            [
              101.4559641,
              0.5761502
            ],
            [
              101.4555604,
              0.5756782
            ],
            [
              101.4553606,
              0.5753698
            ],
            [
              101.4552346,
              0.5752035
            ],
            [
              101.4550328,
              0.5750801
            ],
            [
              101.4549812,
              0.5750613
            ],
            [
              101.4549208,
              0.5750486
            ],
            [
              101.4548739,
              0.5750384
            ],
            [
              101.4548095,
              0.5750144
            ],
            [
              101.4544609,
              0.5746186
            ],
            [
              101.4542773,
              0.57439
            ],
            [
              101.4541671,
              0.5742513
            ],
            [
              101.4541266,
              0.5741926
            ],
            [
              101.4540572,
              0.5740616
            ],
            [
              101.454021,
              0.5739964
            ],
            [
              101.4539164,
              0.5736638
            ],
            [
              101.4538762,
              0.57346
            ],
            [
              101.4538049,
              0.5731462
            ],
            [
              101.4537581,
              0.5730544
            ],
            [
              101.4536943,
              0.5729995
            ],
            [
              101.4535195,
              0.5728968
            ],
            [
              101.4532767,
              0.5725588
            ],
            [
              101.4529898,
              0.5720723
            ],
            [
              101.4527041,
              0.5715879
            ],
            [
              101.452539,
              0.5712286
            ],
            [
              101.4524976,
              0.5711369
            ],
            [
              101.452324,
              0.5711818
            ],
            [
              101.4514656,
              0.5714248
            ],
            [
              101.4511959,
              0.5715076
            ],
            [
              101.4514983,
              0.5722693
            ],
            [
              101.4511924,
              0.5723291
            ],
            [
              101.4504348,
              0.5722331
            ],
            [
              101.4502685,
              0.5722197
            ],
            [
              101.4500626,
              0.5722054
            ],
            [
              101.4500257,
              0.5723122
            ],
            [
              101.4499373,
              0.5726329
            ],
            [
              101.4498188,
              0.5730626
            ],
            [
              101.4497817,
              0.5731973
            ],
            [
              101.4495859,
              0.5739027
            ],
            [
              101.4492635,
              0.5738664
            ],
            [
              101.4488827,
              0.5735742
            ],
            [
              101.4484191,
              0.573259
            ],
            [
              101.4481575,
              0.5731368
            ],
            [
              101.4481202,
              0.5731202
            ],
            [
              101.4478579,
              0.5729772
            ],
            [
              101.4475476,
              0.5728332
            ],
            [
              101.4474817,
              0.5727964
            ],
            [
              101.4472259,
              0.5726885
            ],
            [
              101.4472064,
              0.5726803
            ],
            [
              101.4469518,
              0.5725669
            ],
            [
              101.4472944,
              0.5719127
            ],
            [
              101.4473515,
              0.5717972
            ],
            [
              101.4476117,
              0.5712716
            ],
            [
              101.4476488,
              0.5711459
            ],
            [
              101.4477012,
              0.5709685
            ],
            [
              101.4477777,
              0.5707399
            ],
            [
              101.4478672,
              0.5704724
            ],
            [
              101.4475849,
              0.5703355
            ],
            [
              101.4473804,
              0.5702309
            ],
            [
              101.4473839,
              0.5702233
            ],
            [
              101.4474064,
              0.5701741
            ],
            [
              101.4474971,
              0.5699756
            ],
            [
              101.4474996,
              0.5699702
            ],
            [
              101.4475688,
              0.5698071
            ],
            [
              101.4477653,
              0.5691688
            ],
            [
              101.4482702,
              0.5673396
            ],
            [
              101.4488858,
              0.5651417
            ],
            [
              101.449327,
              0.5634533
            ],
            [
              101.4493753,
              0.5631757
            ],
            [
              101.4494021,
              0.5629464
            ],
            [
              101.449441,
              0.5620264
            ],
            [
              101.4494625,
              0.5611199
            ],
            [
              101.4495129,
              0.5604715
            ],
            [
              101.4497066,
              0.5597748
            ],
            [
              101.4497676,
              0.5596159
            ],
            [
              101.4503087,
              0.558584
            ],
            [
              101.4506496,
              0.5579997
            ],
            [
              101.4507325,
              0.5578209
            ],
            [
              101.4507992,
              0.5576888
            ],
            [
              101.4508541,
              0.5575426
            ],
            [
              101.4508757,
              0.5573854
            ],
            [
              101.4508784,
              0.5573111
            ],
            [
              101.4508831,
              0.5571834
            ],
            [
              101.4508793,
              0.5571342
            ],
            [
              101.4508438,
              0.5566741
            ],
            [
              101.4508438,
              0.5566381
            ]
          ]
        ]
      },
      "id": "relation/17872023"
    },
    {
      "type": "Feature",
      "properties": {
        "@id": "node/1966851047",
        "@relations": [
          {
            "role": "label",
            "rel": 17872023,
            "reltags": {
              "admin_level": "6",
              "border_type": "district",
              "boundary": "administrative",
              "name": "Rumbai Timur",
              "name:en": "East Rumbai District",
              "name:id": "Rumbai Timur",
              "name:ms": "Kecamatan Rumbai Timur",
              "name:ms-Arab": "کچامتن رومبي تيمور",
              "name:nl": "District Oost Rumbai",
              "official_name": "Kecamatan Rumbai Timur",
              "ref": "14.71.15",
              "short_name": "Rumbai Timur",
              "source": "Peraturan Daerah Kota Pekanbaru 2/2020 Tentang Penataan Kecamatan",
              "type": "boundary",
              "wikidata": "Q109438618"
            }
          }
        ]
      },
      "geometry": {
        "type": "Point",
        "coordinates": [
          101.4596712,
          0.5811571
        ]
      },
      "id": "node/1966851047"
    }
  ]
}